zone_id,date,hour,average_occupancy,traffic_volume,weather_condition,event_day,data_hash
ZONE_A,2025-10-06,12,0.429,466,Sunny,False,dd36d600ca320156212c433026832bfba5efb8e622cd391c83333151cf0fb212
ZONE_A,2025-10-06,13,0.833,1598,Cloudy,False,64983230ea61072d43134cdded98b3f67892805b7cbeaae334134596435de779
ZONE_A,2025-10-06,14,0.652,1191,Sunny,False,a78937b0bce172adba257674b55f11bf2e8b8ea410f44e712bc581c3b29cc15c
ZONE_A,2025-10-06,15,0.362,558,Cloudy,False,50a09f157f13da7dcd4faecea5b7294a993670e517df15a113e60e54273ba5a7
ZONE_A,2025-10-06,16,0.795,1314,Rainy,False,cbf9e8c4ff0d0d4012323b6b8d636a3541d417922b1eec5f22f0c4bbceec4fef
ZONE_A,2025-10-06,17,0.362,364,Sunny,False,a8c60f0501532d7c1bc4c31af2782805799e110399dec47a5f32569c195adab7
ZONE_A,2025-10-06,18,0.395,620,Sunny,False,010b31fc9d55c065cd701e256115ed69674d6bb8ea82edde48206e7ddff56812
ZONE_A,2025-10-06,19,0.215,182,Cloudy,False,7ef6a92d2d19e8367b1ea0e7f1f1e54aec72709330a25faa881f7fc5b4baf8cc
ZONE_A,2025-10-06,20,0.319,545,Cloudy,True,20c508b2d17783593d3c5caeae1b21e5d3471d1e7f183e963a5d69f723df7fb6
ZONE_A,2025-10-06,21,0.267,216,Rainy,False,2da055e55f130cb9a75250a59d595691c007b7379708f83c13d5f7c7ac55565a
ZONE_A,2025-10-06,22,0.136,83,Sunny,False,9507e3e97b12eb65942e65cdc9f21f62a8eb88d6cdd1c72a63c27fab040cdc41
ZONE_A,2025-10-06,23,0.34,497,Cloudy,False,b0f798f97be133969ad9fa7d73e6af51b052324af62653a4816eff014f5f6530
ZONE_A,2025-10-07,0,0.203,244,Rainy,False,9cc1c9dba51638084490ce18a1e4db2f1c35882fe4f13fae0368cced5be5900a
ZONE_A,2025-10-07,1,0.167,155,Sunny,False,fc6ab9707c7619eaf44b3761b9715b7decabd8a01833ffae735fd9fb1d366820
ZONE_A,2025-10-07,2,0.214,288,Rainy,False,cd9d485d77cee920d863c044b6fb1a0642ea0cd815535e06926bb6c0596cebd3
ZONE_A,2025-10-07,3,0.299,256,Cloudy,False,c9e7ab9d34a2077310a6a4836e9df8eb454127c771abbdbbf3d7dacaf3cc756b
ZONE_A,2025-10-07,4,0.283,297,Sunny,False,5aba54838a41e92cda045ad790faa49188007a26c837bd711c0aeb3438278f17
ZONE_A,2025-10-07,5,0.341,676,Cloudy,False,78f2d4208be7e4972d688106c18003365bc3f8413a6473a0d5c79980c6b47f14
ZONE_A,2025-10-07,6,0.145,230,Cloudy,False,b5bdbe30c3b2d0b33aded7b32549ee93e790e1c252867f168d0aea50eb434878
ZONE_A,2025-10-07,7,0.232,326,Cloudy,False,4160e952eadd33d0663e133e62aa6ae9ddae25fcecb0bfd5124a441951b75008
ZONE_A,2025-10-07,8,0.476,330,Rainy,False,093825028e7aff0a3b203ee092809db3abcbc1b4d3f602d50dd0786563c6fbce
ZONE_A,2025-10-07,9,0.739,1267,Rainy,False,e418e35ce76afeb2a0e1f42fd647f939aea5ba9aef5a72cfa67954d7bbc9cf95
ZONE_A,2025-10-07,10,0.623,614,Rainy,False,97b695730182b9263dcdee2ea7db80fd066048565a2d920b5844d6bcadc06849
ZONE_A,2025-10-07,11,0.55,602,Rainy,False,c818818ac9a77ccd14d426ed7fed47f45e9612ed6a70272cc16e88fc54bacade
ZONE_A,2025-10-07,12,0.38,605,Sunny,False,827f03de42c250f58fa189a4324c7be0e16c309af9ff7974b02af7bd6b675057
ZONE_A,2025-10-07,13,0.441,735,Cloudy,False,cf834de63a20f10d2c51394b46773fd08975accea82674e5e8e23039adc39702
ZONE_A,2025-10-07,14,0.866,939,Cloudy,False,b3c44826175d874850da04b1f3af1a0864cb6271779b377553779bf2f3bb2e8e
ZONE_A,2025-10-07,15,0.499,528,Sunny,False,a0039dbc2bbe57ade75eb414bb383a93288d935581db8fd40628b60a712331b0
ZONE_A,2025-10-07,16,0.657,655,Rainy,False,14ab785fdd37327efe2856c609b3e92f08ca139b6eaabf369059b229601e83a5
ZONE_A,2025-10-07,17,0.446,245,Rainy,False,ffba2d02b979e626267cda8b6cb5ee782c942f6e66ef85e7d45b0e670bb40645
ZONE_A,2025-10-07,18,0.712,946,Rainy,False,49a9e7055747c9f673fa0f98a7330764070c49efbc9763adc01282232b5eea8c
ZONE_A,2025-10-07,19,0.299,455,Sunny,False,7fd22f85931a69cdfb2921c8c106a086a1dbd88162edf7d0d53b4ba2888a4915
ZONE_A,2025-10-07,20,0.377,380,Rainy,False,cd1f21a9870ac7c264320959c7f641b8566f6f5b77e4cd0f6622355bc00555a6
ZONE_A,2025-10-07,21,0.31,238,Cloudy,False,01e29c7e51f7b98818f335c82e31282dffee246a5e96d3344f692db398cabeb6
ZONE_A,2025-10-07,22,0.204,207,Cloudy,False,aa7eb7413f492d13bab7bf0b3c6df34d6897fe1b023246130313b96a376e7693
ZONE_A,2025-10-07,23,0.253,470,Cloudy,False,9d17f018110c31d3f9d1788b7eccb3a5e6790dc27500fc71472f10f96f83d882
ZONE_A,2025-10-08,0,0.288,293,Rainy,False,75fdf2dd8b3a2d8803bbfdae72fe38fb18f799f4fd8c42725f5196dbb3c566a0
ZONE_A,2025-10-08,1,0.282,298,Rainy,False,0e5bd58e8ac961151a209ffcf323ec4ef8abc118d72a1ebf120744f8d430a94b
ZONE_A,2025-10-08,2,0.359,613,Cloudy,False,1065fccd59aac314710679f6be7ca8ff993a5d2486138812dd6d2bf6f513bf00
ZONE_A,2025-10-08,3,0.256,254,Rainy,False,302c34ef33519063e5a7e50613edd418963bf952d1fed972554d6665f2a8c8cd
ZONE_A,2025-10-08,4,0.262,347,Rainy,False,ada33debd1b3cff4d420fed77d2e840af4032e954820e666cdf678ffd7eb5d5d
ZONE_A,2025-10-08,5,0.368,609,Sunny,False,ed348d2170e4849e6b529973110ea8102a86d0be8e778eedaa75e93f4814a700
ZONE_B,2025-10-06,12,0.885,1146,Cloudy,False,82d3b592152f5dcd441e85dbe7ad71408f8727534bbb2bba214be993f4a4323a
ZONE_B,2025-10-06,13,0.46,888,Rainy,False,67a45f957e8f44d000e7a2662096e1dafcedd53949e34b2215a0ad900c8ce82d
ZONE_B,2025-10-06,14,0.325,429,Cloudy,False,553bdd1f6eb610816ffe183c9706265e0b8391c91849fe43acd410ecaaf554be
ZONE_B,2025-10-06,15,0.592,693,Cloudy,False,a67a4f4728d9d591b91b6b989a7d8a95697dffff160980c125433f1fa1c5c738
ZONE_B,2025-10-06,16,0.453,446,Cloudy,False,fec023740368261c3bb04d7ad481dbb3427860243536ee60acc924a1e375ae97
ZONE_B,2025-10-06,17,0.77,1423,Rainy,False,e9c67cf4cbacbc6a9be7e7aef77449f67060156536435651b1877c0ad41e7a16
ZONE_B,2025-10-06,18,0.585,332,Cloudy,False,e25e86f8f03f61df45ccffee69a4d58433f9cbfe41e48740aca07a9ffc4d685f
ZONE_B,2025-10-06,19,0.377,324,Sunny,False,2ca9548124ed2a6021a939f178410150193af559f12a65bf6edccb211fcfedf7
ZONE_B,2025-10-06,20,0.197,99,Rainy,False,2efc04622798678d0e5b0313feccdfdd3e9d3405d7429ac8ef4babed0d2a9654
ZONE_B,2025-10-06,21,0.326,322,Rainy,False,e5ee6fd9dd92cc32bf92732a217632426b1b341d151d4fc9cd291fb7cbffbe1b
ZONE_B,2025-10-06,22,0.252,472,Rainy,False,d2c8597b186c9749d313e4abe6f1f40f7e5c6a8e19835c8598884615bf8b884c
ZONE_B,2025-10-06,23,0.304,406,Sunny,False,27d2a2ac09bcef62678fc3adebddc5fca236363f82d5942ae880dc764b1b3e42
ZONE_B,2025-10-07,0,0.184,269,Sunny,False,2cdbb05275cc97c14cf6a74d0dcddd165c7d2771f96cbd7d086d7804973eb7a6
ZONE_B,2025-10-07,1,0.146,213,Sunny,False,203cbe49555c591639598eb50b4f17e26f5148fe97fb3ad709c96c01d50dd254
ZONE_B,2025-10-07,2,0.311,350,Cloudy,False,0127cf1b3f7ae9106f9910668341af14d2041ecee2ee772a408d6fbc94671a46
ZONE_B,2025-10-07,3,0.362,367,Rainy,False,fcd4c6b28e4001e40cc8531c5408e2c052a2a2cb1f0829516fd34a896597356e
ZONE_B,2025-10-07,4,0.225,389,Sunny,False,0a4ea56de23f1fe19f9d6e2facce838029b13605457b115bfc5c1ac6ccf7c75c
ZONE_B,2025-10-07,5,0.236,202,Rainy,False,ee1670b293cbf59fcdc25ae752d301d5324232cc5be245e2a907b2e0df173b45
ZONE_B,2025-10-07,6,0.201,336,Sunny,True,5bac580a6b1511d973a341db80db9250f5202c39f9e7e6b1ebb146437acb9fc4
ZONE_B,2025-10-07,7,0.214,210,Cloudy,True,c6b1f16aecd05c6da5c27856af94a276c90e16ec4b002bfd8bc664bff74646f8
ZONE_B,2025-10-07,8,0.35,592,Cloudy,False,60a5492ce396413e5b276053be4848b046b2f6c0b578b0ebda36577c93466e47
ZONE_B,2025-10-07,9,0.642,496,Sunny,False,90826ccbfc3a3a25cdbc89ad51feb3755c9a555b803fa6b8d94ccb03c245278b
ZONE_B,2025-10-07,10,0.525,405,Cloudy,False,47d73e6c80ddfa72ec56519e90c7b08a344e6129d454c14c167d59c1ed6be95c
ZONE_B,2025-10-07,11,0.576,884,Rainy,False,490117230c316dd447668101ed88cd09304235b46816b09bede164b5257b88ba
ZONE_B,2025-10-07,12,0.643,981,Sunny,False,ea0970504d9609940ab6a9d4d502d994410b50d641037d4a68bfd7274bba9f68
ZONE_B,2025-10-07,13,0.933,1635,Cloudy,False,7df1846a3cbf33dcc1a6bb47835f17430f364d28a1428e30c22a8b3a6d072cd3
ZONE_B,2025-10-07,14,0.774,663,Sunny,False,6cc2673b317b54f5ad72d4db9bad090a75b70fd9deaff198e99717002064e250
ZONE_B,2025-10-07,15,0.81,899,Cloudy,False,0727508324eb3509db1c7e885536316d4980a1c20199ed1966678030b16a9205
ZONE_B,2025-10-07,16,0.603,977,Sunny,False,877d1a85bcd7b15ff99eacc451b87556691419ade56e5100240f7267e76e1cc4
ZONE_B,2025-10-07,17,0.365,498,Sunny,False,3348a08882a07ca4048bda8258669db98628ce0ad2b189f6b416c99244234375
ZONE_B,2025-10-07,18,0.386,541,Sunny,False,a1f2a3eb52ac49d02b2cf9008537ef6d1e3adb8c1567f067500c72f71fcf3c7e
ZONE_B,2025-10-07,19,0.198,103,Rainy,True,db8d7bd621e5886d10c41005e7cc0a76b7263a6b767d7ae26f69893a087eaab0
ZONE_B,2025-10-07,20,0.16,251,Cloudy,False,462d7199f247dc82bbc9927bf1fe00a112601b0293dd539d5f7c68149d8a39fb
ZONE_B,2025-10-07,21,0.38,463,Rainy,False,1e5a6f995d2d0df8b0b557fda5c209998918a993525b8e933a0ae12b4afeb36e
ZONE_B,2025-10-07,22,0.332,241,Cloudy,False,4eaf618821230c0d8ade28b746b4b0b474fd7538318b6c8ba2c451184666794e
ZONE_B,2025-10-07,23,0.335,418,Rainy,False,757616e84c640c1ccbb14d7066a1a9127d055201e53d279fd9a35a12002e843d
ZONE_B,2025-10-08,0,0.359,553,Sunny,False,7cf2715ba2e6d38d30066d9ef818a341dd7b06c10f003f3b6e5fc12e088156b0
ZONE_B,2025-10-08,1,0.136,187,Rainy,False,7c185bd856fd42c54895ccaad62c319e40b00c79e89997159ac1affda5684c09
ZONE_B,2025-10-08,2,0.281,234,Rainy,False,dc5f0d8783f2baf7952f9a7f22de9ed22c37208224f8045cb5622216a7173b29
ZONE_B,2025-10-08,3,0.376,716,Sunny,True,aac34444c152e98a3bea78cdcc42c65d0bb24a96e3c8b81b94044f63b09e690a
ZONE_B,2025-10-08,4,0.174,122,Sunny,False,f5e25ae96651b7c81e844d65fd8a74e175e7c29ab468902748f4d4ad7f4b50e2
ZONE_B,2025-10-08,5,0.144,240,Cloudy,False,cf1acfeb77c42addaa02d9f879fd051139677b50a84cc78d3cc39ea1a4ff9012
ZONE_B,2025-10-04,18,0.411,389,Cloudy,False,a972bac809085157dfcd89377d13847be3711c0e6bf4bf6f655a69b0be9d8da4
ZONE_B,2025-10-04,19,0.187,284,Rainy,False,2338d73511dad8e426368689045a3f668d2555350ffe0723327c3be07bedf267
ZONE_B,2025-10-04,20,0.238,459,Sunny,False,e0d2a6935c8026da899c858d7f969304015a94456eba9647c39f50737b7e9f2c
ZONE_B,2025-10-04,21,0.261,221,Rainy,False,46b3284cd572da112d50f5ac3fdbd292c87b2691faba3d8b95d8fb0ef0df4759
ZONE_B,2025-10-04,22,0.146,97,Sunny,False,fcea65219982ff72b4712e7e1e0fd34388f95713972c7991084fb218893dc588
ZONE_B,2025-10-04,23,0.228,329,Rainy,False,cfce83ae89a17c42aa05c5426d8cc53c1dda80a83931d339d72a3cd34ffaf5e5
ZONE_B,2025-10-05,0,0.134,157,Cloudy,False,fcbb5a4d281571a14f6fdf968ae10bb6fdffc3996cac0b39e6bf931075d09a4c
ZONE_B,2025-10-05,1,0.182,264,Cloudy,False,9497985a87fea68d6d3aa069eb281a30add3eb2d7e396dfed305f0de0df5dd4d
ZONE_B,2025-10-05,2,0.255,265,Sunny,False,def68f817cee15c1d3845958b3f5745863baec2bb9efa6de2758006121e0b793
ZONE_B,2025-10-05,3,0.12,123,Rainy,True,26b44b0c6d469bb5d91e72c12bc7ea3376d351b22c8a359a75276be0784ca217
ZONE_B,2025-10-05,4,0.249,348,Rainy,False,66363ad243781ddcb1ddf3e2466b2fc100e3eb17cefa8fd753b96ad7c64acad4
ZONE_B,2025-10-05,5,0.21,336,Sunny,False,6a1ea0d19e3b33bbbf3d6128d0bd53f862a39183c2f4f3be5b343c28643959e0
ZONE_B,2025-10-05,6,0.276,352,Sunny,False,0629fddc163bbfe482a133f3e835dbd5bc25cd0e4ce9246877ceff57615ec1af
ZONE_B,2025-10-05,7,0.25,363,Cloudy,False,b8e6d2bb627be88f1505b4c7725c0323889be0e60b436d3b492301a7ce9e5196
ZONE_B,2025-10-05,8,0.403,514,Cloudy,False,b632ac430a906abe324dbfe32fa3656ab6a7912a4971b148822a0165d1be8782
ZONE_B,2025-10-05,9,0.751,1121,Rainy,False,aa78a0d0604e79463fcaa61ebcd6fbdbd8c028782d173ae4615cd33c0c4cb4af
ZONE_B,2025-10-05,10,0.771,1434,Sunny,False,5283c57a6b24ad4923c2b6b4d8628979c19c113979cdb240c77ea7009d072954
ZONE_B,2025-10-05,11,0.816,1427,Cloudy,False,99b7f102d555a2724dd598b86ee553aa1bc28d1a35c2a3f6fd147a2df38e3556
ZONE_B,2025-10-05,12,0.754,1045,Sunny,False,836b0127f85c5408e568fbe79ac8644d5827ae7eb2e203b0d07e217fbdf8be8c
ZONE_B,2025-10-05,13,0.944,1691,Cloudy,False,bfc7b3de962adda5dfba3c21233da17f9f4e87909a417abb36657c70bf1cfb5d
ZONE_B,2025-10-05,14,0.677,624,Sunny,False,5fe358a4d1129d096618b9e03c6a18b12bf6d7e766ca207633f1962c13142830
ZONE_B,2025-10-05,15,0.538,765,Rainy,False,8dfb20a45779a5c931b62eb2df8827019415176a657550a3058b4ff1892be5ff
ZONE_B,2025-10-05,16,0.815,757,Sunny,False,29c22037eb66f464b300ecadc2250f79795613848aee4b9564beb8d2e213d1a1
ZONE_B,2025-10-05,17,0.415,218,Rainy,False,8c76d51b635d3f23c4e35549e26759b9009137977252221e53f0fd7bfa32d12f
ZONE_B,2025-10-05,18,0.569,337,Rainy,False,c569c78ce169b7a546220530e36ac824e3c3551ebab241b39e93adaaed12625c
ZONE_B,2025-10-05,19,0.143,220,Sunny,False,b18c218d96822d210f1f6b666a09caed9628364d4a31feaa4961307ccf8e08e3
ZONE_B,2025-10-05,20,0.203,238,Sunny,False,6c370296b77e72c73e00093c462304b666b08aac62906f16ea40985a95aefe08
ZONE_B,2025-10-05,21,0.326,266,Rainy,False,057ca02b2ab9bcc834af10fc1c70ed3bd10695781225bd3f648b5dd39b95908a
ZONE_B,2025-10-05,22,0.123,96,Cloudy,False,eccd6b9e686b1e0941da9c199f9fad7e81e0d9d8b0d4ffe8bff4bb5146e9125d
ZONE_B,2025-10-05,23,0.336,384,Rainy,False,54097f33958e1abc66ee5b0b8470d13f16f0a789a088a1ef0b2de9509f84ead0
ZONE_B,2025-10-06,0,0.318,464,Rainy,False,45f73bd612be8aad524d69aae6250399c30f575b5e7d4927588ed38c9f15182e
ZONE_B,2025-10-06,1,0.369,381,Sunny,False,c9124e6acd2bc90b6c051889cf3afcf5a5bc6d0d52e1242483c27a2d1dd997c9
ZONE_B,2025-10-06,2,0.3,222,Rainy,False,ce550942001bdf1fdc3c3bb05b875ee01dbbead8dc19cfa5af59cb028d11d8a0
ZONE_B,2025-10-06,3,0.247,474,Sunny,False,3446d4ecb5dd87aec108dcb913c827c6fcf172d9e079ccd75680c5b4b1fa8484
ZONE_B,2025-10-06,4,0.37,292,Cloudy,False,f290da43df5feefb05d7a3e2ecbbc82eacf5a362d66d578b56eada210add658e
ZONE_B,2025-10-06,5,0.192,182,Rainy,False,d9b709cd135dac676b03f8d9007c0c02ca15676a3121ce9a6bd5a46bf2eccc16
ZONE_B,2025-10-06,6,0.208,391,Rainy,False,1517088d1fa0160f4fd7ab35e3e2dd3b015ac570783577e1e1ebe7be821a04ec
ZONE_B,2025-10-06,7,0.224,135,Cloudy,False,9826111aa7d9317ba5a6d515d0d6b92b019f798e85d051bb12cf394bb80694f1
ZONE_B,2025-10-06,8,0.522,441,Cloudy,False,d163c9e925fd70dbb04f398fd3e97245ae8130e752af15b66d705d6afaef1a0c
ZONE_B,2025-10-06,9,0.474,801,Sunny,False,7c29d232be6c7f22c99c71eb3e914b459aebf18dea34339dea8f83eff69f283b
ZONE_B,2025-10-06,10,0.871,995,Rainy,False,05f9fffb7e5336ab5e4c85326fcf927ed041ee7f2bd0b5985dbffa16fd739877
ZONE_B,2025-10-06,11,0.312,352,Cloudy,False,ef5ebdcc7134fe01eca31c91a7b991392b7fdf01cc999a6a62c022d382059cfd
ZONE_D,2025-10-08,6,0.248,174,Sunny,False,e8e8159f28280e34755ee9d6ff719404315a2855de50fa9fa09cb6c240972863
ZONE_D,2025-10-08,7,0.192,280,Sunny,False,a642a6b9d990eef4caa2bbb27cafb315b358df8968ea4735a55c76d8abd4ddda
ZONE_D,2025-10-08,8,0.308,482,Sunny,False,cffb16a1f0aaa19bb5ed845a928d2c08f291ec7f77d6d51c95131e61527a5bc3
ZONE_D,2025-10-08,9,0.558,1064,Rainy,False,c3a6b2e6c7773ca0acfd6f709191c26461fa98855d714741cf24d249b424493d
ZONE_D,2025-10-08,10,0.876,439,Rainy,False,104cb895e99518b632b4541751fd86c045baab56c719a0a37c62f60bd550ca4c
ZONE_D,2025-10-08,11,0.712,421,Cloudy,False,ad097d3b30b5b799e69e589b22792f6b838f07e38efd50a55ebefc0684c75786
ZONE_D,2025-10-08,12,0.473,395,Rainy,False,0cafdaf84a46225fad525f0f0a565e5874507d51f5453420b30db1a9b69a5de1
ZONE_D,2025-10-08,13,0.783,555,Cloudy,False,bd45676798e6b4e0584465fec47cc3d2063f7df8e90a42203a89e5d89d0cfc9d
ZONE_D,2025-10-08,14,0.312,247,Cloudy,False,6daf2944860afc7d9429d93c7f010defd3d4c498011e3f4bfbdbc858f79d48d6
ZONE_D,2025-10-08,15,0.933,753,Cloudy,False,f30fec15ba95a8776ab0502b4d6ee8ade3dd42fa05871ecbcb131abeb12c02a8
ZONE_D,2025-10-08,16,0.615,872,Rainy,False,2b3276a5fe5f252c250f5ab54cb67e85fb802cc3cc4325b511fa36a690e2d26c
ZONE_D,2025-10-08,17,0.312,175,Cloudy,False,4128e94250237475b4c3c2b6b1e672de26e84190ed0194a2c555b972dbb50cf5
ZONE_D,2025-10-08,18,0.763,1309,Rainy,False,39eb07c038aacaf24b1d0cf548789a4d4152ca46e3bd4e305b46e9d310d395c8
ZONE_D,2025-10-08,19,0.219,435,Rainy,False,bb5779e54e1b1b184295c02a3f65a258af3a38f3e2fbb39b00c7f2ee00b16bdd
ZONE_D,2025-10-08,20,0.142,108,Sunny,True,40cd4affa9fc69555afc6d784a2bfb1a45c0e3c876d5d4b5f72041cf8c7a54e9
ZONE_D,2025-10-08,21,0.337,572,Sunny,False,f444c4f1d10df4af75933ffb2026de2880d25d61a24583b06d115843446cffe7
ZONE_D,2025-10-08,22,0.331,396,Cloudy,False,2d893812af3062be3f1ec9685d7f6abe2204e2125328dde38bf4f46796d64f1c
ZONE_D,2025-10-08,23,0.251,173,Rainy,False,071f53e99ff509b8dee920ce98cd31c6c0f22fc0d7ea904dedbf509f886c7bbe
ZONE_D,2025-10-09,0,0.146,79,Rainy,False,f8e9bde76842ffbb477b993d13ef4cfee0a329281f0b70d5d97cca5c2a15e051
ZONE_D,2025-10-09,1,0.314,521,Cloudy,False,679d86052087bd3fbfbcd20b283b3753da22835bdebd72bb38620c262e81830a
ZONE_D,2025-10-09,2,0.281,159,Rainy,False,63b0a9f2f90b858317afab7a8c06962774227bb594a9f6d2e69db4f562967186
ZONE_D,2025-10-09,3,0.297,576,Cloudy,False,d0a84a1ac301bcbc5205e793c8a5e27ba1cdd7387b0efa2eb1a01e38ec66ab8e
ZONE_D,2025-10-09,4,0.265,361,Sunny,False,4676056472808cfd104eba6bff3ff112445117f56f251de37c652a6ac4009480
ZONE_D,2025-10-09,5,0.281,285,Sunny,False,6b782088c576360f156d888d45dc17994f85ca84110902523128a077001decae
ZONE_D,2025-10-09,6,0.339,432,Cloudy,False,105a1b02cc03b244e39edc8613b4fb2a523eaf4c7e2cae85d97c62b4425f6344
ZONE_D,2025-10-09,7,0.21,217,Rainy,False,beea5e0d982097bc88cd662e61822182edaa54c4e9b0148412709b2f09f20723
ZONE_D,2025-10-09,8,0.543,505,Sunny,False,a6f92891ae3fae70e8c28e6f58f37bea7cb3ffdeecee0961e2d351b780df16eb
ZONE_D,2025-10-09,9,0.304,300,Cloudy,False,fd3d9ed5c8b43864c2c71b8cb83650fefe16c338e6737c2335a95aa674946497
ZONE_D,2025-10-09,10,0.797,954,Rainy,False,460c9432ca45adf55330fa4d21968abb1eb044ddde6f9d597172a9b3dba0f3f0
ZONE_D,2025-10-09,11,0.564,618,Cloudy,False,23f4c88407bfa584a99d2d00eaa2464cfb4e4901d7e6207df4d4872a81625d40
ZONE_D,2025-10-09,12,0.482,308,Sunny,False,eebd11a614ba1bc4e24e9e37d0d6d8bfd526b95a0f39df1eccc7404f5c3561a4
ZONE_D,2025-10-09,13,0.707,1108,Cloudy,False,19b212f9b0fc9d2737a629ce139d1f4ad0386fcd1ace5079a89b526ec01046ea
ZONE_D,2025-10-09,14,0.483,701,Cloudy,False,88d4b6759dc86c15be6fb2a2f5204de6acf5e41ef0e62d987ab94948fa386361
ZONE_D,2025-10-09,15,0.617,895,Rainy,False,174e156a509fb6e472fb80758287b461c2ffa698c6f9d9a9b9c3e47b955b4c98
ZONE_D,2025-10-09,16,0.863,545,Cloudy,True,18c7f292c570c65ded8076b2792b31b769b7aba4a6f8a9a2d3a21c27d0600b05
ZONE_D,2025-10-09,17,0.71,1253,Rainy,False,323325039291ac4e953de801368d3095462914f3fb4f72740768d00bbc7e23d8
ZONE_D,2025-10-09,18,0.37,712,Sunny,False,dadb7c2f8293563e45062133b3e68d6dd16fc2a8a22855e4013d1f060976d9bc
ZONE_D,2025-10-09,19,0.208,352,Rainy,False,6e9892e6f6ca0ede6223a0a86be3d55e0ad979cb9fb7255a41379cdd5a0e1547
ZONE_D,2025-10-09,20,0.28,302,Rainy,False,76a522dbe7843712d4cf5df42501fac3640bebac8bd1dfce67bbece28e925c6c
ZONE_D,2025-10-09,21,0.191,230,Cloudy,False,8c73c1f9c16b60ca74468b88d5af0ee575c32b23304865f59ee310e9ca8d57eb
ZONE_D,2025-10-09,22,0.364,329,Sunny,True,46c164efde5e7248246133f83b0ddfba46095c1eecdcc68d06e07959d9744eb1
ZONE_D,2025-10-09,23,0.18,236,Sunny,False,dacd0fc9a50ed25208e894e22aae4d3f590cc937ef5c0cea105786a1d3437bfe
ZONE_C,2025-10-03,0,0.218,370,Sunny,False,8c9df441d40fe82b9ed9e5e9d2029ca5ad9aef6d0ca779cb4c91eaf00bd05dd6
ZONE_C,2025-10-03,1,0.173,89,Rainy,False,fc7d374863eff789a015ce80e4a7bb27a915ba2cd3643042383ce73f14a7d5d4
ZONE_C,2025-10-03,2,0.24,241,Cloudy,False,f57dca637962e1db281e228204383d7d964b997c887a37912e311c232d24eaa5
ZONE_C,2025-10-03,3,0.374,306,Rainy,False,68130bbcd2a3b96e4228cfea52e435274d7aed5864714e884b5bdfac7531799a
ZONE_C,2025-10-03,4,0.235,217,Sunny,False,dfaaf3daed59eecda7fe011d1ca1b77852c8d6479756ab0c3e733039f7d699df
ZONE_C,2025-10-03,5,0.183,92,Sunny,False,48b6932abb0cdbf94f8079959638b7d0657dadd41b1510cbb4bd3d4ee75168df
ZONE_C,2025-10-03,6,0.361,441,Sunny,False,5423eda9315d2630bee1ba1c0a7ef02769d7e8955f26907536d9052a4eae5ba0
ZONE_C,2025-10-03,7,0.166,300,Rainy,False,e827f9af3660691e55f97a9a93516896b9358ec1eee811dc3304c9122d999c2e
ZONE_C,2025-10-03,8,0.328,179,Cloudy,False,a8a2fd08696dd8d2c45de37e1140603046359e8df35c9a790dfcb895515a95b5
ZONE_C,2025-10-03,9,0.61,1026,Rainy,False,319945f8f66ca4d605a17570d6137275df063d87f4aa254a4b0a8667da481b20
ZONE_C,2025-10-03,10,0.84,460,Cloudy,False,2c15decf3e56132a6983cd75b29b986a6d9e555de049d30cc9878156e704ec5d
ZONE_C,2025-10-03,11,0.493,335,Sunny,False,13ce27083b5eaf486c40c4411c9f5785f7a062f857b351ac13636f7492f03aa4
ZONE_C,2025-10-03,12,0.885,484,Cloudy,False,d797dfde1a3bab4e8919b1756c14740774a21df14532375a23d30229e760c77e
ZONE_C,2025-10-03,13,0.874,793,Cloudy,False,b674432a559dd0b199d6e79fa823eeed60ae1727d053bf83c1819e2c9439ecb8
ZONE_C,2025-10-03,14,0.821,1338,Rainy,False,3a58c2edb6bdef7ade7e385a7feb1bedec63e5168ede23779ff1f283e71cbaee
ZONE_C,2025-10-03,15,0.591,1168,Cloudy,False,df7abb2b8d347642ae36f70fe58e9673be6569f76bc45159c6e4df3a235ae651
ZONE_C,2025-10-03,16,0.324,206,Sunny,False,23709981eb9762b5a69b1e425be1fcd3d7998897c30c2cc49a9d9300ba465cac
ZONE_C,2025-10-03,17,0.397,649,Sunny,False,c82925233dc81275c169c332f5b56dff8c8229f57b7e93deaed66bd0c1c71fe1
ZONE_C,2025-10-03,18,0.726,1440,Rainy,True,f52b24c28dbc9d1b76cbe408aecc82fbf424a4fc7bb5e3ac60f5213daaf7c9c1
ZONE_C,2025-10-03,19,0.178,129,Rainy,True,9384557b78af2052610c2d185440be7ec40b3b5481345882e3e358b63ff8acad
ZONE_C,2025-10-03,20,0.293,187,Sunny,False,b9e8c2f76d7b7d6da3af6bf285e4082620ac5099364cfd89d916718ea7c4cac8
ZONE_C,2025-10-03,21,0.253,142,Sunny,False,1bcf8086e5e1e4c4db45b34e312f60185c0018798bbd405f4e99f0a5ff1166e3
ZONE_C,2025-10-03,22,0.266,506,Cloudy,True,182b8094b288b0cb485e07e2cb0820b567431abba170d79608204f4d41c40e41
ZONE_C,2025-10-03,23,0.289,459,Rainy,False,c002ae44d7ead1d7166239fe70f8901699d1d0b63ad23e759501006f316c276a
ZONE_C,2025-10-04,0,0.123,183,Rainy,True,db67d592125cb23518d5ee3ef9aa63e66634a40579676f17efc99882814bfb3e
ZONE_C,2025-10-04,1,0.302,375,Cloudy,False,dd38e7c17821d1ef5eb6161d1ca39f20d7f79e1121986c235b83e8eda21e5cfc
ZONE_C,2025-10-04,2,0.354,375,Cloudy,False,8f21ed5f67ef9ee0925a98158879e1cf4789589cc63fb95143b4858b7b2e4b30
ZONE_C,2025-10-04,3,0.238,223,Sunny,False,bb0e30e8149c3df84ead0fabf0606f2de74f07fb14b72925a0b881b88240f7e8
ZONE_C,2025-10-04,4,0.158,139,Cloudy,False,8319d022f954f648e445b3a40982252f6769c1796959db2819645f65eca95bfc
ZONE_C,2025-10-04,5,0.186,171,Rainy,False,c3050c01065ed8757a94502f22576cab86fdbc952299893756762efb3f3d0b2c
ZONE_C,2025-10-04,6,0.192,239,Cloudy,False,55a9b2c60b9b507dc181529effdd0e1ee2ad86d6d6130fdf1a6a6a544b73a32b
ZONE_C,2025-10-04,7,0.2,252,Cloudy,False,b5a81600dd6053161a51cc070c8e636e66f3c165d10d4f722c285cf9297ebe8e
ZONE_C,2025-10-04,8,0.758,1277,Rainy,False,7c65d46849bdd86b7b385a83ce0379e16aeb22e1561e3b4124c1fd5de3678103
ZONE_C,2025-10-04,9,0.635,880,Cloudy,False,d15300466f22bd11021fdddeb3e408118f4159215d014b669d07fddaefbb232e
ZONE_C,2025-10-04,10,0.447,621,Cloudy,False,7e2b278324c586927a45bb7563e81fb0d45c4d9b254d0ddce5898d6539b36660
ZONE_C,2025-10-04,11,0.787,1534,Sunny,False,a19e89211814c8b975d95abc3ee21c73df73d2fbda236041210794e09b19f6cc
ZONE_C,2025-10-04,12,0.643,959,Cloudy,False,282464806cc342b07e71f3e04342ac7285e2b3016f72c8c3956a10e7eb239218
ZONE_C,2025-10-04,13,0.621,323,Rainy,False,f75dbcdd4d4acae923d6606f82fee7d12aea8d582128b54c99507e7a8a5794e3
ZONE_C,2025-10-04,14,0.747,387,Sunny,False,130e965fde4c5e0b70fb817888fadd293c30e349d476e09fb81db8596203cca0
ZONE_C,2025-10-04,15,0.308,285,Cloudy,False,1b345d02aa551ab6bdb2b1d152a61414412312d13ec3100399010b65e5377f6a
ZONE_C,2025-10-04,16,0.403,705,Sunny,False,e5c231088ef51749c9a15313de1e711976cd94cbbc198fa371819af9450a06de
ZONE_C,2025-10-04,17,0.422,639,Cloudy,False,c9245ad6d1334ffcf2ab306a8d13d770d4cd45625e17979b80e10ff51631b031
ZONE_A,2025-10-04,18,0.35,592,Rainy,False,5f3138a963cd9a47c450ab8c778606444810dd7f8c17afc5ba7432fa9a92a5ce
ZONE_A,2025-10-04,19,0.275,447,Rainy,False,7599f8cd66ccafa8502f8774efccd4b3e8860ed3c499da10779fbdc6870cf7b4
ZONE_A,2025-10-04,20,0.23,266,Cloudy,False,42dff88e79834edf4f41eb1cf83f26ac88a55412669adf89abe71d5fbd40b7ba
ZONE_A,2025-10-04,21,0.17,198,Cloudy,False,0c253ffe9913f6f3b929e6f9fae8c1842daf835f8e2bbe6ceaaff0cd36265e45
ZONE_A,2025-10-04,22,0.125,140,Sunny,False,37bec933acb0324c768168813d56ffefa79dafafbba12bf843512502011289ed
ZONE_A,2025-10-04,23,0.305,306,Sunny,False,02b6de0764c4efc8804f5249ae718dc04d5f36cf91df61680dadd1375d067636
ZONE_A,2025-10-05,0,0.233,167,Rainy,True,95f220e1edbc73a1f41b6e8a5db68b0ce68dbcff19b0ee477ad9a998c4eb4385
ZONE_A,2025-10-05,1,0.138,91,Sunny,False,2712b2b07991c3fc4df6ed2b8a583ef17cc36928d0fc29659fdd2266f76f9c9a
ZONE_A,2025-10-05,2,0.197,125,Sunny,False,0ac1b748e8a234322454d58ae28c4dc82ac9a2fc8207d083832555cea51337e0
ZONE_A,2025-10-05,3,0.124,221,Rainy,False,2647c126e54c10624bd99f7e1cd716b233e4ff0d23dff765f12a8be52890ca8d
ZONE_A,2025-10-05,4,0.242,440,Cloudy,False,f4af608468dcdcbda820a15b52c3a077b3e9b977ad634425734d1aa84cdfad90
ZONE_A,2025-10-05,5,0.247,296,Cloudy,False,78a8142cf379ea21745f504caa9b9261727b7b298484a4b2494cb893d097ada5
ZONE_A,2025-10-05,6,0.237,461,Sunny,False,1689f1ad3d7079c46859405a61e3b94179d3e7a9b7af91051336cf80473f6a04
ZONE_A,2025-10-05,7,0.181,90,Sunny,False,f5d71b46d92501fce2febd8e39b99b3a6a6e175a4842f837e1d0df17cc21977c
ZONE_A,2025-10-05,8,0.445,771,Sunny,False,d0e49f0ecbbea0cbc0159cb6c8795fd5b7c237d6a3dcf09247c5517af1347962
ZONE_A,2025-10-05,9,0.678,1334,Rainy,False,14a5d6b2a52a98adb1365806964b98ef8acf368238be3ab1419934be4d60fed6
ZONE_A,2025-10-05,10,0.462,854,Sunny,False,7e0cbc458c7cb1fd9d3a50544866e3e535354286fd2a8187974f2d8acee19ba6
ZONE_A,2025-10-05,11,0.713,998,Cloudy,False,4f20b984cd84caf89593917c7411345bfce212fd224ba69728ab9275a5839d95
ZONE_A,2025-10-05,12,0.738,833,Sunny,False,dc3fc78ab439e826ba68e0d2d6cd63ef88ef458aa2b0e4494fcb7632e549b49d
ZONE_A,2025-10-05,13,0.414,632,Rainy,False,4bbf3f55fd5af2410a97cf551c4a56e72c4fdbb86169bb145a390aed3a3e2afd
ZONE_A,2025-10-05,14,0.887,1593,Rainy,False,f3b6f3a650fb029d622a15bc1bb8df004f559780e31c163b25422fe193b108b5
ZONE_A,2025-10-05,15,0.623,745,Cloudy,False,db49590da713e4fa130a2ee9f706fb7e9990137fa12c6cc8a03aaeb8b9ef3da5
ZONE_A,2025-10-05,16,0.321,308,Sunny,True,3e0accb01ae018f97c1e00208bd2d42c94d567aaa47f06cd7ed86edc8f816025
ZONE_A,2025-10-05,17,0.923,980,Sunny,False,9a5a11648bb9822e30d23487f572587df6a2b652eafbf3b0fab6988ec57d637a
ZONE_A,2025-10-05,18,0.658,513,Rainy,False,3984c7c85c35bd727ec44854022b0b0609b064b1834a93f2854072b16e0f874a
ZONE_A,2025-10-05,19,0.256,297,Rainy,False,95ac35935ae87467bf5d7efc1973fcef59e8b9d8424c07fcb1ee290cbfc54dcb
ZONE_A,2025-10-05,20,0.251,198,Rainy,False,0dd6ae4fa984ed36f83abd1c40ebb11ed61a7dafff8e085c308b1be25c3c821e
ZONE_A,2025-10-05,21,0.207,366,Sunny,False,9b4a7efc0804c42155c5b227a38491a615b0e5446ddb14a8380686ffd56a240f
ZONE_A,2025-10-05,22,0.307,202,Cloudy,False,0b09fe91ace87ea4cc5b78ba0e0057286956ebada29362231b0309ddcdf0c9eb
ZONE_A,2025-10-05,23,0.146,160,Cloudy,False,a25dffdf86e00d97b5c5c9e0450cdd73eaeefde3cab52c33e3d1b3bffe06a85c
ZONE_A,2025-10-06,0,0.204,216,Cloudy,False,979959f7f63e98acd76ca2e76e5aed6c15915dd8a3f789ee1611e07bc3a60977
ZONE_A,2025-10-06,1,0.279,158,Sunny,False,e0b3a1016fe0b8cde674657f57352bb232a1a4966ee34df2a242abd5e593fdc2
ZONE_A,2025-10-06,2,0.324,314,Cloudy,False,7164138687eb16e79115934ea341598110e11e580f09da029862d63485e40cf8
ZONE_A,2025-10-06,3,0.122,81,Cloudy,False,4a8c60fde27f5b7be9606381c70a7efeb7c8599c2664a9f5060fc6f9091ab9e9
ZONE_A,2025-10-06,4,0.329,531,Cloudy,False,85b1e808bf177d41e93b555305d4c8c84199dbbd01e0dec4e59009d86c72b554
ZONE_A,2025-10-06,5,0.378,632,Cloudy,False,87e23c53b3902536f9d83898868fd25abd3c0cd4bc9534f481337c0eb006173a
ZONE_A,2025-10-06,6,0.235,384,Sunny,False,91a2a6c141945ae8e11b2b3337ab3f97f9962c029922f67904395cc1be28425e
ZONE_A,2025-10-06,7,0.334,301,Sunny,False,795c2cc685fedbaab7b614511fcf758c1326a561eb35e735bd54c83d4632b40e
ZONE_A,2025-10-06,8,0.55,506,Rainy,False,3ab744e28696c0e5ec48a4a6c79dfcfbd53362776600376a038a614f51bc2efd
ZONE_A,2025-10-06,9,0.941,673,Rainy,False,4314bd5bc95db30139ac523503aa3669a09a5ddc78771300365893e3c8b0923a
ZONE_A,2025-10-06,10,0.482,936,Cloudy,False,73de995442809f6654a4f0b3117c7cb6bd41f2ba8f1831f49e4e718236bf2315
ZONE_A,2025-10-06,11,0.727,1195,Rainy,False,a6a1d6be293f7650cbc9f66c297b46f174286cf86b4923e6a7402c25b829cbdb
ZONE_B,2025-10-03,0,0.31,590,Cloudy,False,33d70485e4bda6ead2052a617738168a9b6fcfbf29df2bdedfb2195c35af231c
ZONE_B,2025-10-03,1,0.163,101,Sunny,False,9706a15eb0ffc659cf7545d93cbb5eae8a73ea337cfcfc890c81689baca3aad3
ZONE_B,2025-10-03,2,0.379,747,Rainy,False,b26705b7b663ad02eb4dafbf5fc0b183e2df6afc81afc163c8428bf6cad5cd5f
ZONE_B,2025-10-03,3,0.128,84,Cloudy,False,4870bc47ad830a757db0d7e9b00279fea94aabcc55fc598ac3e8135b4ff133d1
ZONE_B,2025-10-03,4,0.217,377,Sunny,False,c80c2bc78995293988e998b46d87d7896cdd13d2360b0dc81b7aabbedda05bd5
ZONE_B,2025-10-03,5,0.298,344,Sunny,False,c0da7d8c4a7efad2845bf919f3a4929d9f81e7f1bb4e683043675d407c4b7d5f
ZONE_B,2025-10-03,6,0.2,108,Cloudy,False,9fd9fbfdf99bf27dc3df433bc74122925e658ea3b6b1d522b325bd099457eb4d
ZONE_B,2025-10-03,7,0.33,262,Rainy,False,867f1a0aa1122ef0c2250f5be81e12f07f33640d6b3e77a6dfea2647a569e544
ZONE_B,2025-10-03,8,0.523,286,Rainy,False,4e63bed86f16bca2ae2e3174a57eb34b4732615d74d4e52f202964ae8bead2f0
ZONE_B,2025-10-03,9,0.945,989,Cloudy,False,592363e24c8ea16423b62b53a633101aeb590d42907a5b1773842ca3e83ad7d5
ZONE_B,2025-10-03,10,0.557,684,Rainy,False,2be5f510ecef04fc0cbbc62475d302fdaee66a9567b92222aab13ce92ebfd67b
ZONE_B,2025-10-03,11,0.457,802,Cloudy,False,d86a903a13a0c7d0e0b12dd9185c24c18d0c3dffad4b1363e7311b5744605799
ZONE_B,2025-10-03,12,0.818,614,Cloudy,False,bc4536140bedc560d0e891f4565f1620f3e9e5da9d436ba4d3d123ccce17ced9
ZONE_B,2025-10-03,13,0.398,222,Sunny,False,99a2a66b191b014104fc2438f10baf2dace9a7dc7d48ae9e23c139a2ab7956aa
ZONE_B,2025-10-03,14,0.337,174,Rainy,False,860b08cf3f08f7c47740191b63a5fc63521e936698d48b0ca40d16dbdceadc6c
ZONE_B,2025-10-03,15,0.727,485,Rainy,False,f0b7170277914fc9619b61165efceffff011728970f30740950dd0596e0d1193
ZONE_B,2025-10-03,16,0.792,1052,Cloudy,False,ed4aabd8c65ffc562eac26c5cb878c3e584eef913eda5a1b94f97ff37de8dc9a
ZONE_B,2025-10-03,17,0.678,873,Sunny,False,da78f0c678c7813be766baa0487c5da8e80a381be4ab2fd9edaea48b7002dcbf
ZONE_B,2025-10-03,18,0.488,690,Cloudy,False,15084ee8265c4ba459166af0006164026a432f48d97c94e2bec79f036cf1f0a4
ZONE_B,2025-10-03,19,0.134,218,Sunny,False,6237b60554ddbf3c66cce1f2a0d21913831785984019b66227a16cc28832f094
ZONE_B,2025-10-03,20,0.147,279,Sunny,False,73c60686a3de8c025e9bee8da8185b8624836a8cc1cff1f4a32f56ae41b847e5
ZONE_B,2025-10-03,21,0.134,236,Cloudy,False,e4ed0237f006683391cf2240ac7de234f6c5ba829fa4259966e44a49e2b1f2b7
ZONE_B,2025-10-03,22,0.125,70,Sunny,False,8742e1c1ac5e89751f98c28a9a0027695dd9156849c079018ef8cc3340dc3ae9
ZONE_B,2025-10-03,23,0.215,171,Rainy,False,35463edf9d16769cb6920ce2b56e111844b3309c7f1f3fa1a99a06545907a191
ZONE_B,2025-10-04,0,0.206,316,Sunny,False,c2b56edcc157a26c4d2b9652da7bc0a109286fdcdfca7b0230dd3c61ce9f78f8
ZONE_B,2025-10-04,1,0.145,247,Sunny,False,0e698f19912c1b27daebae7aff912f4350a1d40bd49d6bef757356065f9e4617
ZONE_B,2025-10-04,2,0.254,393,Rainy,False,7b2425ce01c9ac06854905d8d24a94d809885cda3fdb1cdc16b8200138a15aba
ZONE_B,2025-10-04,3,0.24,180,Cloudy,False,8187daa1987b9e9a92c2408bbb2c41674756bcd6d7455d9905d814dc517316e3
ZONE_B,2025-10-04,4,0.175,322,Sunny,False,fcaf49a8f8d15c10483828006a440dfd16f69e7c4efdf9cb1c5d3f8634fb3ac7
ZONE_B,2025-10-04,5,0.192,291,Cloudy,False,0ea1cab879a083d7636569d405fb3fd518c472d4e674f67445e523c3a34986a4
ZONE_B,2025-10-04,6,0.288,248,Rainy,False,df391c42933a38f3676684ca1b087e466330db9f529ff66d6bef7e15cdea2d23
ZONE_B,2025-10-04,7,0.132,258,Cloudy,False,240ddb4123b443d773ec6d22f70ac2b34f1ee089829b5d93080edd035efbab51
ZONE_B,2025-10-04,8,0.342,352,Rainy,False,978a6d18126f2776fbc34d9c43ddbc24b80c7794f92633d48021e4965bded47d
ZONE_B,2025-10-04,9,0.476,359,Cloudy,False,2ad65d074b90db9e5266565bbd4435acc2ca4a4aed0895bd229e5e366c4d6e06
ZONE_B,2025-10-04,10,0.499,464,Cloudy,False,0c2d7802b51e45c5a4be18ee828f435648cac44611ca346490f54d7e043b0aec
ZONE_B,2025-10-04,11,0.319,366,Cloudy,False,765a42d976a4ec7add21f5cbc8d4774a389c80b872bd0f68640582f153b0a93b
ZONE_B,2025-10-04,12,0.683,1297,Cloudy,False,1d31b69b810cc8ec210f77d19ada872b14e2919daa2d8ed23c6bd5e41dfda253
ZONE_B,2025-10-04,13,0.57,627,Cloudy,False,c0acf6ad1ed8e7a379da5cdd7e7eba819a52b3b40f6357b0531ad0d1800a9835
ZONE_B,2025-10-04,14,0.856,594,Rainy,False,2d65e5e31e83ff00087db4b67f2cdfad44416df1db7603b5f9911824078a9210
ZONE_B,2025-10-04,15,0.456,712,Cloudy,False,213f0efb4ecc3dcb57c3d3f89aa92293dc9de85aa9d204fb9238b79ddb267f49
ZONE_B,2025-10-04,16,0.583,377,Cloudy,False,ef53847e884d0e7c10f8c182453fbb75afed00cc68346551d12e9e1735ab8304
ZONE_B,2025-10-04,17,0.422,238,Sunny,False,e79c4f48023cd6209a981f0039b131cc8286fe181a618a78ec9ad45aa36c30dc
ZONE_C,2025-10-06,12,0.583,383,Sunny,False,63efa9c6c1ac7aa1fb81cb6b34db1aeeef4fa549e092d6ca91db62cf42fecdd3
ZONE_C,2025-10-06,13,0.513,735,Sunny,False,3c4862c5019744d3326fd36d53a8432e13dabe5bff7b3167d4497c4e7ba6818f
ZONE_C,2025-10-06,14,0.385,530,Sunny,False,d7e02fe6b0b12e21a38ea7de0669c8272136181801a9be76e9d8b76fede0b861
ZONE_C,2025-10-06,15,0.561,947,Sunny,False,6eaf57aeb9e2181e1ba681d09377004e519901fe741dd2286be1deabcb12f35b
ZONE_C,2025-10-06,16,0.543,1001,Cloudy,False,eb70247835255b562ced624e4c502e2ce89e31cbe7ba43d87415c000ba71d58a
ZONE_C,2025-10-06,17,0.502,421,Rainy,False,e75f9e512ceecb4bc466cacfb8bdf2496bee373b2a2182d7e86cbc4aa41b1a29
ZONE_C,2025-10-06,18,0.393,526,Rainy,False,3903c8616c5b126c88a25b9090b561edcdf3cb3fc70989c6b88f7fddc0e33d12
ZONE_C,2025-10-06,19,0.215,113,Rainy,False,8d8bb5612973e790bc71deb2e842a4f51411b6840b66607b700372a751ecfc96
ZONE_C,2025-10-06,20,0.378,410,Rainy,False,67b2e1040f69284f10dc7adf792d9a954080cfd5500aa207843786303115b30c
ZONE_C,2025-10-06,21,0.28,436,Sunny,False,46061b1ee8df86f6bfd45d611590bc007954266dfaa91fd1624d0dd478383f5f
ZONE_C,2025-10-06,22,0.358,236,Rainy,False,33b8026e0900c0c0dfec95361a132534fb53a251b2bcc258b40fa23deab8fa74
ZONE_C,2025-10-06,23,0.124,154,Rainy,False,f4304dd49f9c0bf2fa65202ad711ac8d26e1aefcbcc77938f633424e082a51b5
ZONE_C,2025-10-07,0,0.127,239,Rainy,False,2c6f441412987c6a40488b04c71b180b4c11ac9d2ebb76374f8a201a8d7152a2
ZONE_C,2025-10-07,1,0.306,415,Sunny,True,6f939ba73e49b5f2b2a6ad104f0112ee0c0aca00c0f6b9fc2827d6976b580a27
ZONE_C,2025-10-07,2,0.309,446,Cloudy,False,2d929c1121e4e227250bf80bdabd3d36d9503fd951dc1e8fe3b58d125c61be1e
ZONE_C,2025-10-07,3,0.323,244,Rainy,False,3d6a77787fc6296f1ef5ac3fc3a8f5eb04862272697ab3ff3818ad39bbae19b0
ZONE_C,2025-10-07,4,0.293,223,Cloudy,False,7a9b4f8b6e1dcabac56c20b163c8f7c98571b715d84efb6c3b0da5ff3914a640
ZONE_C,2025-10-07,5,0.161,110,Rainy,False,02a37b51f653d9e8936b7854ebcda0a1b11e6beb7d16231dfd0fc2f0bb8237b0
ZONE_C,2025-10-07,6,0.26,183,Cloudy,True,7e23368e21682d8060359f910f4c6fce1c8379833cbebf2a36830fbb2df55a62
ZONE_C,2025-10-07,7,0.28,159,Cloudy,False,5b4d83dd8accaa8f611a3279997e3f1efa7c8778af3cd55437010ebde6335f05
ZONE_C,2025-10-07,8,0.428,607,Cloudy,False,c699a4b4be9d347c4550a3d60d6ffb67e7b801150025a9b7cab911da07128d9a
ZONE_C,2025-10-07,9,0.689,960,Rainy,False,39f926ae1c7a2d9cb2850fa7f520958411f2aca04d2b9f3984a1064a116e4dd9
ZONE_C,2025-10-07,10,0.923,574,Sunny,False,1e15812c89a990d2c859139b7abd2bc7e379cb96d6c97f8da84fdc880cac0e33
ZONE_C,2025-10-07,11,0.707,1235,Cloudy,False,2f3fc43ebda441b7bf5f19e2e9ce7e27fb3d229c73f93c052943d9015d575d54
ZONE_C,2025-10-07,12,0.312,222,Cloudy,True,bdb5bd68e9a1bc7aa01d71c2857e5326ca4a6db81e611d47f425c766da446356
ZONE_C,2025-10-07,13,0.354,598,Rainy,False,1933117fb018e4978f726c8b40bd8cb6fbb23794841e6b2aeb9491fb0f5778f2
ZONE_C,2025-10-07,14,0.707,437,Rainy,False,45e7eba8f4bc98f49acfca633a390bfc9850f54db65384fbe85ee3b04de7150c
ZONE_C,2025-10-07,15,0.58,765,Sunny,False,198a56dd80d8392187d9b1ab83de98ec4f0f12f80a955146405bc7f742fc4425
ZONE_C,2025-10-07,16,0.921,1623,Rainy,False,790d3cd0bf359176d05d6a1e2f6bab123a94f611a82156a88c3551fe089cfb24
ZONE_C,2025-10-07,17,0.84,578,Cloudy,False,80e9f15eb9b3063b50e9a29cd47d850f07fbfaac34832c0b6578ab0e0f8b330b
ZONE_C,2025-10-07,18,0.637,874,Sunny,False,ddc53b639161f33240fa2146d1a640dc1318eb00474b574658661ce7b15a74f6
ZONE_C,2025-10-07,19,0.153,152,Sunny,False,e9de96451c85f5981c9594a7ba368ce483764df1077b0e9a722152675ca9497c
ZONE_C,2025-10-07,20,0.142,176,Sunny,False,4d88ae712cee47200bfe64fc88fdf9e6635981c59cdb5ee83d008e35d076bb59
ZONE_C,2025-10-07,21,0.372,194,Cloudy,False,0c38b8eb9c839cb479f72511d1f76ccb0115969ab778e36380f4f4164ff64b69
ZONE_C,2025-10-07,22,0.145,260,Sunny,False,2194e5ed134b1a2a0bf80905722186723f6ad11d09c9431055d2da5a2c815214
ZONE_C,2025-10-07,23,0.321,270,Cloudy,False,503bd4c9d15e6419c356cbac10e60c9ecc280fc87fca2d7712d08d12780add85
ZONE_C,2025-10-08,0,0.193,242,Sunny,False,f7e0e62aee9420e417a123859ada2afb1d287bcb762aca7c4f8bd538c8d01f89
ZONE_C,2025-10-08,1,0.189,268,Rainy,False,fd846880e211b0f47aa52c3c1f15e8537df73068d988b7bc8f5d1acc69049763
ZONE_C,2025-10-08,2,0.272,164,Cloudy,False,91c127ecc9e2d04fb0758908cdcd9f0acf61fe4a46abb6ef88df921a7948b6af
ZONE_C,2025-10-08,3,0.337,347,Sunny,False,0de8e200700509bc835ce5ba3eaf018e653124eaf48f25ae2fe2bfeae46f4047
ZONE_C,2025-10-08,4,0.151,245,Cloudy,False,69ef79af28e088d7d948f91eb5a8ca463a052c90334062456672cba9c809c451
ZONE_C,2025-10-08,5,0.169,229,Rainy,False,c3acb325f7b0d113bbeef718d085c45df799a8a355c1fbc3a8d4ad2c2054e163
ZONE_C,2025-10-08,6,0.311,203,Rainy,False,6e77d848b2054cece5ffcfe09e7063a67b8ee9c24cab0985a75778a62986fdf8
ZONE_C,2025-10-08,7,0.149,104,Cloudy,False,090eecd641dd6f8e101b6cdac0262bdbb7eebd0a1acbc9c87e076aa7e650e387
ZONE_C,2025-10-08,8,0.644,425,Rainy,False,aadd389860e021138521190a96c132c0ab045b7f388f0fd15a32e560133306ed
ZONE_C,2025-10-08,9,0.924,1285,Sunny,False,27b44cd6285f983e64f041de73f84e393bfac941545023855e0cdbbfb8bd76da
ZONE_C,2025-10-08,10,0.407,359,Cloudy,False,82ef771c67101f678934eefed2abe87444ba4ad61fb26f606d885fbb437f8c57
ZONE_C,2025-10-08,11,0.509,282,Rainy,False,5f9c215561aed0fe84db478918d293236cfd5c4c8e2feb602e72ef0111ab83af
ZONE_C,2025-10-08,12,0.567,456,Cloudy,False,ac09c7ea9139740535b95d99f7882f9aaf25de02b990c472f53c3009bed9de7a
ZONE_C,2025-10-08,13,0.601,817,Cloudy,False,88e991471e71714a69b9593f051290b476f4384823584f1eff29a3258796ec24
ZONE_C,2025-10-08,14,0.717,625,Sunny,False,0e89d6fc75d27e07d628f4b8aaf196326b4097bf6ad7569c43325fc2e9dfbd23
ZONE_C,2025-10-08,15,0.7,896,Rainy,False,48271d6ded28f0e48ef59fc9f51586d0fc960ebec5435a5372b7e6272c58f3bf
ZONE_C,2025-10-08,16,0.572,438,Rainy,False,9c4751f0e25d19a49ebae9d46500ed4896a535d01a0ef1eb2d9eb02c0de52999
ZONE_C,2025-10-08,17,0.917,876,Cloudy,False,802033630d1c79166dbefdb2fb4ca2f7ac5be070588fcee8cbaab2b07d3fd60d
ZONE_C,2025-10-08,18,0.844,600,Rainy,False,d85115cbf499c0b5f8fd8bcb5fe1ba94a5e3951010f8f18f91032a6538cbf11b
ZONE_C,2025-10-08,19,0.348,464,Sunny,False,09aaf603c2f75f93e4850a72ac5dabd34accbb93106f4269cbfa180de7daa416
ZONE_C,2025-10-08,20,0.358,351,Cloudy,False,8972bb0d67508dc104718a99cd9985f065f5051de3965cc3cebba387e8455065
ZONE_C,2025-10-08,21,0.301,335,Cloudy,False,6e648cafa9e2aec684a60b7f86550e54db41090c7acf74f217e71dea0d9ac6a5
ZONE_C,2025-10-08,22,0.187,185,Cloudy,False,39606233d79de4db7a46d16f5e559e1a05b0602b1e2a2e409023e248fedaf369
ZONE_C,2025-10-08,23,0.132,154,Cloudy,False,5c38122e873f5b4bed7133c28c71b779c4a4cdd48f5ce53b43eec4e734107de8
ZONE_C,2025-10-09,0,0.256,159,Cloudy,False,e9f68ff36d3049d7c2f554cb5632ec0dbd8b278710611b4d38df1cb8355d52f4
ZONE_C,2025-10-09,1,0.332,311,Rainy,False,81bf4314ccc7d66461ebeda2ade4d489c38a79af48970b3072aa4351a0e70b10
ZONE_C,2025-10-09,2,0.166,229,Cloudy,False,c9b72781ca9a0366f1e95c16499674132af6b7aae4545f23afd0af930e6341c5
ZONE_C,2025-10-09,3,0.122,206,Sunny,False,8790e0397b2ab62d91151e41de106a69ff074bbe48528561c933a728c796bc0f
ZONE_C,2025-10-09,4,0.145,97,Cloudy,False,0051ec62baff3340dab8e387b33014def9668c9afc5de91d8340199accc481e1
ZONE_C,2025-10-09,5,0.261,426,Sunny,False,a4b55aaf95398c6d561cb9ac3dc2741882a8de20534afe3bf5c2705795eca630
ZONE_C,2025-10-09,6,0.311,218,Sunny,False,813c9d0a4564036e0e54b24dae9ea66388919a4165b0031ed064cc9b323b25c7
ZONE_C,2025-10-09,7,0.257,332,Rainy,False,0130393766e1c473417edb395fc6448ca376076878d9905b7440c8286defb0f2
ZONE_C,2025-10-09,8,0.587,979,Rainy,False,28b2d08f8289638e5b65c16f031a41117e6907022107159772c7e356fd705ba8
ZONE_C,2025-10-09,9,0.386,428,Sunny,False,ce98e4b5a415a53590a61e3d2ed702bd6fbefd6266400aedf5b2a756114c158b
ZONE_C,2025-10-09,10,0.37,185,Sunny,False,65746e8309ab2ba718f2c3708808236a9c4219174dcbae7720900d6336cfe92d
ZONE_C,2025-10-09,11,0.309,508,Rainy,False,72436bf176d446f515e9b1dda12889c0006f4c1c792da8070f4263e854cba744
ZONE_C,2025-10-09,12,0.843,956,Sunny,False,5a4dc67efd0796854f801cc980ec93be08e29b14808535e11d371d63d20cf24b
ZONE_C,2025-10-09,13,0.894,1332,Sunny,False,a250f2f7dd6eda62bf2620de44c820bffba4c079ee2374e8c202abbe499110c4
ZONE_C,2025-10-09,14,0.781,1187,Sunny,False,87e691981c4542b9a489aca99f71d63ff62f2982adb030b31fdad4934972e03c
ZONE_C,2025-10-09,15,0.489,504,Sunny,False,556c6914a69d440307f271ab1cedcfca95b7d8e8d7db0221ef8d3847e82f1485
ZONE_C,2025-10-09,16,0.545,320,Sunny,False,51175d0a743a472dbcd6a4521f139255cba7731107424242ab0c4449ff285575
ZONE_C,2025-10-09,17,0.814,457,Sunny,False,2bec5e3bf2b1ceb12bf376a513c02732439c213857619a7177ec7d9dfdf08d53
ZONE_C,2025-10-09,18,0.699,1128,Sunny,False,d351edb59f232093250e62bd384fb6e1b92cc14e0da32a9f0d7e3c62155a716f
ZONE_C,2025-10-09,19,0.291,256,Rainy,False,9638a936116535ce7d4f7037eff159caa6f227fcef01e33f9817c3c6852ca2dc
ZONE_C,2025-10-09,20,0.364,358,Sunny,False,7b6a06911ce0931e3b70813fb15f726174f2b127472d51c7b360cddeeaa7f260
ZONE_C,2025-10-09,21,0.137,198,Rainy,False,38429baec9847cf54a6747d9cd73946e6ac98dd2559aa8b0a4dd3d81ea2dfa14
ZONE_C,2025-10-09,22,0.325,296,Cloudy,False,af2ba36513568f706fbbee14ce3c651757f25d36a4532f1c78568199ccfaa426
ZONE_C,2025-10-09,23,0.121,137,Sunny,False,444fc8b9b51b8a3f2e9d8c3551cfaa76a653f43fb3b0573eb98a548c9b317fe4
ZONE_A,2025-10-08,6,0.318,289,Sunny,False,8b221658578adc153dfa1146efda081b4efe9399e0a136f2bdbcbd348fcb2100
ZONE_A,2025-10-08,7,0.252,391,Sunny,False,d93fdb0042fb199c5cc9a68396f979c197e8a189980ecc1a10b831765a05f64a
ZONE_A,2025-10-08,8,0.483,426,Cloudy,False,c0e0f94b9217946fa23b28327e12e3e56fa802f4ea07341bf5ecd242c0637e5f
ZONE_A,2025-10-08,9,0.556,1074,Rainy,False,b74ad9a0a794c69a510fc986d2c3725cb8b6010659b366dfa1ebcb5fa9071cb7
ZONE_A,2025-10-08,10,0.477,891,Sunny,False,0c59e601f6ca6134c6bebc45835b94a900f952a21e229f7a9efe05f48d0da0d8
ZONE_A,2025-10-08,11,0.57,326,Sunny,False,d07714079e9ff07b41d3b7b99367053a86e44301368add13867386521818df6e
ZONE_A,2025-10-08,12,0.875,1671,Sunny,False,cfcadd4455f45ae65dc4302bc7256b9485d1fd57de9bcc76b7acfc1cda4e7fed
ZONE_A,2025-10-08,13,0.658,542,Rainy,False,1367f1ca4313d0ad419199f3f60da4bc64401b207adefc019b5b4a9f4d0602ea
ZONE_A,2025-10-08,14,0.808,553,Cloudy,False,c8d50283ffd7d7788332681614d53a373457b77baa16e4909aa52308108fc60e
ZONE_A,2025-10-08,15,0.593,725,Rainy,False,85ba00be65b2a14a77d8fc4ea291698c5057f4d9a1cbadb2721648866b36d850
ZONE_A,2025-10-08,16,0.729,1358,Sunny,False,5124f23693a2d86080a965c7a2c8f5513d0073fc5a3668303ab7dfa989c9ef57
ZONE_A,2025-10-08,17,0.802,1050,Sunny,False,9dbd14697d94e83dd8d23d352ce4062be35c5b0215168017ce5634d0399b8137
ZONE_A,2025-10-08,18,0.834,1029,Rainy,False,fc596d6149f4756e376ecd4d7ccd9c6068277b42cd5b1a23fb798d99cc9671c7
ZONE_A,2025-10-08,19,0.287,516,Rainy,False,4383db3ed32d944de0171c25c0d458d1c00c88d79fba351e4f2417301c49a5a1
ZONE_A,2025-10-08,20,0.284,290,Cloudy,False,5d679645572ff223d885b22d7c67307e5dbae4cbfad8399ba754ff490c804ca7
ZONE_A,2025-10-08,21,0.151,284,Sunny,False,59580bbcdde97a24c828fce2af6d2cd91c5848e2518aef41a01c968f2a7b271d
ZONE_A,2025-10-08,22,0.129,256,Cloudy,False,d4d673e9332b503d60bd4601afcb1da2fad4b76e6c90cdcda001240d4a619bc2
ZONE_A,2025-10-08,23,0.277,461,Sunny,False,76270aa4d0c858da3627b2efe6c867f134af081a729215d9d243b615155414a9
ZONE_A,2025-10-09,0,0.279,507,Cloudy,False,ec02006665c326d3f5488e436da0d0f9c7015dee0442aa60724dd4621de9a5fb
ZONE_A,2025-10-09,1,0.258,393,Rainy,False,bf61c199b453e00eff07bd719b32e6f87d99e60513215acadaeb6215a2911310
ZONE_A,2025-10-09,2,0.243,228,Rainy,False,2ff9ba114486a8d8808e1ef780b1c2d623daf505a2b82a745e69548cbe500571
ZONE_A,2025-10-09,3,0.365,182,Cloudy,True,0eb09319c31a930ee4401e8b8a8d08c13b5041589c395ab245aa1c4596e35c49
ZONE_A,2025-10-09,4,0.303,579,Cloudy,False,6f3808ed4eec64ea6a1858235851bcc52ebca676bf48bc4b9ba46f5ff5b48d9d
ZONE_A,2025-10-09,5,0.187,229,Cloudy,False,18d8d8280e8452369e2b1a948ebfe5778303088af89cbd9baaf843df38a73abd
ZONE_A,2025-10-09,6,0.341,266,Sunny,False,4982007c5abe3d51204b36f59212df3f5c3e5acbc73dca6f49487e5b75a13a74
ZONE_A,2025-10-09,7,0.178,93,Cloudy,False,8da56e26685f63bcf812945ac06a2b6672b098748fa16521d51f270c411d1282
ZONE_A,2025-10-09,8,0.367,333,Rainy,False,87e3fe8618cfa88e069ee89f9db8cdb4aa63c9da035c2101721c6192ac174e74
ZONE_A,2025-10-09,9,0.434,493,Cloudy,False,0ecc9f0c4e43478ea0dd2cc2711c371d4faf2bbbacb9aee670638f19a2d3d22b
ZONE_A,2025-10-09,10,0.304,537,Rainy,False,8cd13c3732d142fbc37b2468f2d2c8d7137549b0ae29878c6d8c777b114cdb56
ZONE_A,2025-10-09,11,0.533,582,Cloudy,False,eba29da87bea34ad3f0dd89f3f96f40b09f4125db23b555e06d0f308f6f8e308
ZONE_A,2025-10-09,12,0.783,876,Sunny,False,afe2b2f343c7ba3de1eec715907f93028bd7c8ebc21b2f993901d590ab4bf837
ZONE_A,2025-10-09,13,0.415,388,Rainy,False,4fc7fce2ccdf9541f7f78708676982ced5a0f31eafac870f5ba73ba3052b1150
ZONE_A,2025-10-09,14,0.621,1186,Rainy,False,57f9fb0f166dd2031231159bdb897a4c45bb24966a680f53bd42ddc2ca00fc3f
ZONE_A,2025-10-09,15,0.855,1676,Rainy,False,acdb9181b30b018a45fc62a42a918cd878398f40d10ce29863f28ea719b8c0c2
ZONE_A,2025-10-09,16,0.833,1627,Sunny,False,43cdbc7556b53651beb4f6f48e53773736a6e483ee9710d344eb0d3066f4b72b
ZONE_A,2025-10-09,17,0.802,996,Cloudy,False,44f03244faca368c1d0759fa33f88cd1b922ca22d0b1dff0808d2bf2a73fea07
ZONE_A,2025-10-09,18,0.701,470,Sunny,False,6c4b6be073cb5908deec895da0d5a19a6374f3582eb0898f81c6433cb1d25aa7
ZONE_A,2025-10-09,19,0.287,451,Rainy,False,8158881ededb6571e508c43fce29bc7d917198d833e9c328d75c284647ecea1e
ZONE_A,2025-10-09,20,0.341,433,Sunny,False,24f58bf4c14904772bf889cbe926da722aa09ef7db0fbffec83ef3f15fb38284
ZONE_A,2025-10-09,21,0.148,209,Sunny,False,5b5026e62430cdb48a92a410d8c1670735e76ea9a9478bf81c7cbcb917eac60c
ZONE_A,2025-10-09,22,0.314,395,Rainy,False,a10a91eefe3c177bcc79d67afabd21d97bbd7e4c9ceb2e84d4b0ecd7c65ce999
ZONE_A,2025-10-09,23,0.259,177,Rainy,False,1c30daaa3e250ad8525b9c8f3217a09d6a8f855c7e6d945cd3dad9c6001867de
ZONE_D,2025-10-04,18,0.922,913,Sunny,False,ed5ef67d513086783ee6bd8d8828e7608d057aa2e2e00c621e7daf8d7eb41898
ZONE_D,2025-10-04,19,0.309,553,Sunny,False,22fefedb3e91a653427018d45ce9bd32d7fc80c286b2963423e44aa5c1daf19b
ZONE_D,2025-10-04,20,0.225,153,Rainy,False,40dd92383f03cdf2bc15fbbad0349c434e98f2e8e15e289d845af0e45d349857
ZONE_D,2025-10-04,21,0.222,200,Sunny,False,9ad4c1f3ad161c12806b556d22073c709eee2a6fdc299da3d214335626f1236e
ZONE_D,2025-10-04,22,0.211,172,Cloudy,False,300a0266735f29bf8a59162a6dc52b945fa225efdd4547b5a11938052a41582d
ZONE_D,2025-10-04,23,0.225,233,Sunny,False,afe50b6bd64356bb4eb7f4333bbfe3ceb120bae8926339fd29115c1f97d60c84
ZONE_D,2025-10-05,0,0.206,151,Rainy,False,58d7d3d13487452ef080b2698192d6d27100f13a12f4fd5cad4d764b192524f8
ZONE_D,2025-10-05,1,0.131,77,Rainy,False,30218da251772373e8794bda979bc0cf406fe915b1a53c3c5ab3da4b2dcb9f5f
ZONE_D,2025-10-05,2,0.304,388,Rainy,False,bd096a69a51a763724deceb6d52df84c2f572a726547de322dbc6a75d1260be8
ZONE_D,2025-10-05,3,0.264,354,Sunny,False,321e5d5f04985a3105a9bf29409225b0561b8d8185e345a70bb8234e8975a495
ZONE_D,2025-10-05,4,0.154,184,Rainy,False,a476d20294316a1341224acaf10690d3e8211b732c668ac3f9eac7ff03853b1b
ZONE_D,2025-10-05,5,0.213,342,Sunny,False,786751f11a7ab12c774d1fb4749b66a1f45e82ba13835cf2c6e09976c40c0f53
ZONE_D,2025-10-05,6,0.33,529,Sunny,False,05723c9789d46f2ac854623e3fa0ac8d99fef6c37e413c82faf805b641aaf814
ZONE_D,2025-10-05,7,0.2,109,Rainy,False,9310c24d8121f1e678e69d5853e113f4a5dc23129f594a048fde56c06fa59e22
ZONE_D,2025-10-05,8,0.806,1079,Cloudy,False,70aa0509e4383a5556fd9bbdb090cfb2c6ccf7bf6963c4b454a4f50913919300
ZONE_D,2025-10-05,9,0.657,974,Rainy,False,56b0815e03e925f10bc2327b8f397778484b3edf8e13f5e82f273b65905f4da4
ZONE_D,2025-10-05,10,0.463,598,Rainy,True,80088f9bdb45908c1b73bb97b1e052f4067e5a53c3d43fe1f4fbd9546c3decab
ZONE_D,2025-10-05,11,0.928,1005,Rainy,False,e1bd16e1de4ac8feda1809f62c7003799d49253393e13a17a8e44ec9fa5bb846
ZONE_D,2025-10-05,12,0.72,1044,Cloudy,False,6d373d30818075e239aa2d59fe36bc9b2d87f6d02939a789745356c07a2217b6
ZONE_D,2025-10-05,13,0.393,483,Rainy,True,93b49c3219d3466624031114c1642c4bffab69da8d716cd29b441e02b7f90ce9
ZONE_D,2025-10-05,14,0.927,1250,Rainy,False,f0f49ab5b28b4b0746d6bc582c7cb5d888cd6501e658b46e827f02da60103281
ZONE_D,2025-10-05,15,0.433,387,Sunny,True,f8db6e024d352d89fe800d55b004fb95cb1c0026f5ddd37beb832dd211784229
ZONE_D,2025-10-05,16,0.433,850,Rainy,False,dbec4c411ba5ebf53ac0d384396c8f9c7f38731b5148412b7a4991100a806ada
ZONE_D,2025-10-05,17,0.749,1483,Rainy,False,3103e53d41c3b9f75aa33616162be2d513826e312fd61f9baaf6d7ac934a6693
ZONE_D,2025-10-05,18,0.588,430,Cloudy,False,fa57f833f271dfdfa36ba1f627560b777a57126fdac4228de3794b408d0f8c0e
ZONE_D,2025-10-05,19,0.155,227,Cloudy,False,07e6a7ca120411c87e99d5970497e0b2a46f9a2df607ee51c29f0f1a054f5926
ZONE_D,2025-10-05,20,0.22,146,Cloudy,False,8a42ca4e5488421da4683b83121d6769b9640949f3b25e6de27740254904d5b3
ZONE_D,2025-10-05,21,0.295,248,Sunny,False,94b915d9680f69053d8553cbe8527983909e47b9411354f9a380ebdb0b18b3a1
ZONE_D,2025-10-05,22,0.17,167,Rainy,False,a14397a7a76f7339393499dafd155d77051951bc89bb236e103b8acdf3aee035
ZONE_D,2025-10-05,23,0.357,525,Cloudy,False,041ea7ee38b95de31de452ab08d27fa682509b099ec19b80cc525cef4fb2e543
ZONE_D,2025-10-06,0,0.269,258,Cloudy,False,963284f019b5a329fae949ff94c1afcda9efc5c1f431166f7ba1b60606d1a392
ZONE_D,2025-10-06,1,0.299,471,Sunny,False,5e32a0e499d7f734a142e8e155e1c71a068c89e833ab10ed7d9269f63e6cb128
ZONE_D,2025-10-06,2,0.354,218,Cloudy,False,6a045911344f5faa4ce42656d9598d33fc4af9676b61aca7bf7c6baab3376141
ZONE_D,2025-10-06,3,0.367,590,Cloudy,False,43e65de22b3ae8fe88bd3b7f0aeb8b5e92339f00320ec77b174e81e61c41c86e
ZONE_D,2025-10-06,4,0.374,425,Sunny,False,6af606dfdee840ed7bd4b9a9f674d0df3961fc427aee380e34d4903808b9d493
ZONE_D,2025-10-06,5,0.226,320,Cloudy,True,d615643aaac64d7ed1aa2150f29c8b15e4d55772a699351296df476de38d4745
ZONE_D,2025-10-06,6,0.309,336,Cloudy,False,e896930be9664b15c49590766c3e6b956e94e6d55b1eed06ea4d95b66050dbeb
ZONE_D,2025-10-06,7,0.122,151,Cloudy,False,6883e6d020098f5a3187202133378008366248627112148b93149b808b04aa33
ZONE_D,2025-10-06,8,0.314,563,Sunny,False,00d72f0b8286822a9b08d9851def6ffcb0c5fa162bf9497fa9f3ce476ed5b86e
ZONE_D,2025-10-06,9,0.692,599,Sunny,False,379733064cfd7ee95ff85364f8f0e77237c06909e6803562a2c9c6696c010824
ZONE_D,2025-10-06,10,0.622,806,Rainy,False,fa672b07a4fa27d858f6068841f165aea06d18b7cd08e8083761cb68d9761a28
ZONE_D,2025-10-06,11,0.358,276,Rainy,False,86668f5777e968c3cae60ffe1243115fe3a923b6b019b72fb2ae5e85932c3fda
ZONE_D,2025-10-06,12,0.481,742,Sunny,False,8cb978dcf1cd076c971504f1793afadb2ce37279f09a2f3ff628144a640be56b
ZONE_D,2025-10-06,13,0.947,776,Rainy,False,78060ac2d2850d43961b51477878f039eec0bcb08e0a5cb9dacaa812ad3848ce
ZONE_D,2025-10-06,14,0.793,1021,Rainy,False,f241185707056d744e21df2a7e5bac10c09ceef491f789e94cab3c6b5b7b740f
ZONE_D,2025-10-06,15,0.464,489,Cloudy,False,f8f4ae6729446e3dab83a3bd68ff01eef56ed99ca3217b1b1326fcea1727d269
ZONE_D,2025-10-06,16,0.402,791,Rainy,False,8b3f43e10139658314e34e452611873232a45e09ad48bfff9bfac18f2d9ad5bf
ZONE_D,2025-10-06,17,0.718,724,Sunny,False,9abf94e26062e8eeb603ead124f0c297006696fe2293553a4d211421072f9ed6
ZONE_D,2025-10-06,18,0.903,1510,Cloudy,False,2bde9a0bd0cdde8f945fd2ed26ea0b0ee475e2d0ab67cc10d1e3bfc587153b1e
ZONE_D,2025-10-06,19,0.371,642,Sunny,False,e1cb610194d650ebeea6f3e0b1590f1646e4eff6a15f9e4bd25e7d62f250a689
ZONE_D,2025-10-06,20,0.275,468,Cloudy,False,466553ab2870e847d79d6e159fe668f18c14934b8be5d64313d7450a794c287a
ZONE_D,2025-10-06,21,0.338,187,Cloudy,False,edcfd8496baeda706c38c01d9d9302ad1db245fc24dfb4aa7541f76c009f498d
ZONE_D,2025-10-06,22,0.164,109,Sunny,False,ce509e0aae9361f26b7bbfca7bf4d57d3801d23e165aed626e849c1544b2a590
ZONE_D,2025-10-06,23,0.144,247,Rainy,False,41e137dbeb6818627b07d688fb4581bde221d3cec5ea73a83db2f4e489e819e3
ZONE_D,2025-10-07,0,0.207,171,Rainy,False,fd2e0666a8fa87a9f8c7e98ec83c5aab223597c74508ec24e582cd094a7380e1
ZONE_D,2025-10-07,1,0.29,543,Sunny,False,94a1539c690a1000b10d61e25bbf45c505cad3a5c5b4f07d6190e0a98dbb0ba5
ZONE_D,2025-10-07,2,0.26,512,Rainy,False,a1c2df84ab69904c88e853bc47b5f2e25d3ce4cb911ffe2283bb3b2e66b7e9c2
ZONE_D,2025-10-07,3,0.18,260,Cloudy,False,84de87f9e8c9bfde0658f322a9283fecd1a78f71db423d8a9caf2e371f6f4193
ZONE_D,2025-10-07,4,0.193,156,Sunny,False,d85e593d304c206302abb695c72f1daba68bd9e6d1d2cca2f1769c1555f970d3
ZONE_D,2025-10-07,5,0.248,274,Rainy,True,657e29fc2306fe9c428089b313f6aded8f9b4348b9431800eb493f4a2ae73200
ZONE_D,2025-10-07,6,0.315,332,Rainy,False,7503975d12a96d872776f2ee2dce36d6eb6a991951c4971bdb8f4b5d6fae59c7
ZONE_D,2025-10-07,7,0.193,99,Cloudy,False,ba9f8dff4fa975752b9f921c916ed2f303caf6bbe1a664eb6956ae199112dc78
ZONE_D,2025-10-07,8,0.318,297,Cloudy,True,71c03dcd4f914777a5f39a89e035a7ba81f06d2ea0899fc43c35f47cac4abdae
ZONE_D,2025-10-07,9,0.681,391,Rainy,False,48716e3cc18fdd093764c69a8f03ae147c89e98a480eb822dcac69041d9eeddb
ZONE_D,2025-10-07,10,0.582,1072,Rainy,False,e9da0eb8cb3091e87974db579883bdd22b65ec59ed9bbdbe1078dc3bef1ff48d
ZONE_D,2025-10-07,11,0.354,186,Rainy,False,bb943c6405029841aa390d0af6e19c4c5d903088160fa08bfcf8db17c7caf4c2
ZONE_D,2025-10-07,12,0.704,1323,Cloudy,False,b6fc26ad05b285fc779c0e751184cc27f0a774e4bf82dd48d3b6eea3657d3ced
ZONE_D,2025-10-07,13,0.768,662,Rainy,False,aa1497b565ec68f98d6c67be146d64f7be364128492c7510ba632a2fb9d954da
ZONE_D,2025-10-07,14,0.846,738,Sunny,False,2e9594a8ed76636eb87877ac8c78f78f30f1b166a34da972744b449786846977
ZONE_D,2025-10-07,15,0.693,382,Sunny,False,44190e3992974f394542de9a76240682c35e918c5b8ae7dd308cd00ca6d8eb9d
ZONE_D,2025-10-07,16,0.7,550,Cloudy,False,4c0bc8ee8f04f6d625202cc52da26c4ebcfba02ea486a3325b438ee3deb06aa2
ZONE_D,2025-10-07,17,0.917,1601,Cloudy,False,782dbbe5e74cb9537b6e65461146a7832a94b1b545e9c1a2cf9401946515d53d
ZONE_D,2025-10-07,18,0.448,503,Sunny,False,ead9ed8011855982561dc5b6852085f2ec2829c49bec3673e4a0c9382c826aba
ZONE_D,2025-10-07,19,0.172,135,Cloudy,False,53e1b821fa3e0d847cf75c14e7ed6f68ebaf409ce7b8841022f47101e66edbe9
ZONE_D,2025-10-07,20,0.299,370,Cloudy,False,3a4d780e31856e74b6dbfda12974fc1655813b120957c38dbf20661a26f1f273
ZONE_D,2025-10-07,21,0.141,199,Cloudy,False,a611d9665b61271814334962f0200b37ea63b4e5f5e32d0fe6919f4bdb660515
ZONE_D,2025-10-07,22,0.271,269,Sunny,False,6b29eb9705f74229cf4e193bab7acd28805eb133762c4a27b74e1874f10e13f0
ZONE_D,2025-10-07,23,0.229,390,Sunny,True,53f0b5777d8f203668766058a47a58f0809d145911c7f344061831a7013cd5c7
ZONE_D,2025-10-08,0,0.25,201,Cloudy,False,864fffb651b72ff327596ea1d1e4946688073740c0bb257871522a51f27d8f0f
ZONE_D,2025-10-08,1,0.18,225,Rainy,False,8cf033b4c8a39624faa5ee998e964d66b33f8e5aa28541c03f2162e6f4f9f35f
ZONE_D,2025-10-08,2,0.211,204,Sunny,False,f8b85619d52dd62ad782fce89d85522e7552bad1f1fded2ce65d428a1ac4d419
ZONE_D,2025-10-08,3,0.139,96,Rainy,False,7b44a0b3e48508481c227cfef9a0679056d408c3cb1bd2efb8cadbaede34df63
ZONE_D,2025-10-08,4,0.377,351,Rainy,False,3b433717e2c510c92651d77f5b21a1def398c889887ebbe8eedf48a669c0ba6e
ZONE_D,2025-10-08,5,0.242,318,Rainy,False,5935063409dddab315ca373697131044904789ace3418744229904a36c3e4c33
ZONE_C,2025-10-04,18,0.484,886,Cloudy,False,19a4309322f8c0d4cedf1f214a4ce7952a9e62c0daebc1d192304c51a7b9bbd5
ZONE_C,2025-10-04,19,0.368,185,Sunny,False,aea21ebd7205cd00581b8c12c5d24a92cbc397cb582d4829d5deb7b8fb34c8ba
ZONE_C,2025-10-04,20,0.135,97,Cloudy,False,ffefb514697588213cce5ebb11d12623143badab1a981d64a47eb52411460d16
ZONE_C,2025-10-04,21,0.15,259,Cloudy,True,e6952a7fb1e8af221a3b65b671be0c39d7d158fc446371b393b62a82b39ecd6f
ZONE_C,2025-10-04,22,0.256,494,Sunny,False,97cadd11ed33d22d4f82fcf729ec4da18a2e003545406923d9636ffdc3fd238a
ZONE_C,2025-10-04,23,0.234,452,Sunny,False,3a5b1267e398aa71abe7fc819ee7046384f556fb0bcde1cb036f21390738f76d
ZONE_C,2025-10-05,0,0.319,553,Cloudy,False,184f07cc84a9dc94bb55ff0ec56a75538b0e3089eb96450f76a9ad2ce5a28f92
ZONE_C,2025-10-05,1,0.147,281,Sunny,False,c813c941ffe89dba964b043331d0b5c700e93f93a9e9f9c4dc8be96585a8e8e6
ZONE_C,2025-10-05,2,0.155,243,Sunny,False,578af84f3ad9ca77759e14495887fb8d6b48b5089276d35aca2ad6f400c2c289
ZONE_C,2025-10-05,3,0.326,239,Sunny,False,ab96bc4bb34ac539aa7fc9caf670ef8ab2dc38c95cba2c7ddfe945d4f500c035
ZONE_C,2025-10-05,4,0.373,351,Rainy,False,733072bfbaee3640174cf270528912aad2e5ad37ac05f0f94bd99b77eb41bc45
ZONE_C,2025-10-05,5,0.206,195,Sunny,False,ab2757009382d9e3cf9626b1fdb2db2fabef0d44ed0866ef191e49e01225fef0
ZONE_C,2025-10-05,6,0.26,328,Cloudy,False,49962f10367c02d7d2842dbd15702383f111828014a140801926bb9fe52e6895
ZONE_C,2025-10-05,7,0.18,279,Rainy,False,9f51952549ecacec5ae8ed291d6817269558efcb8e0a8b593d44ab31c6052574
ZONE_C,2025-10-05,8,0.378,292,Cloudy,False,54b6ca53d18fa59edfef4ffc5ed3f7fd69f7ed3a90595ab88584f6f63d3a5827
ZONE_C,2025-10-05,9,0.821,926,Sunny,False,45fa5c640c6ef14297dfec04273d1ceef0a876661a24fa535505dd3bb61ea9ab
ZONE_C,2025-10-05,10,0.481,329,Cloudy,False,075285fb9a4e086b1bf890c742b068d876dc5a1dab52e883ce1b4fb937dc89dd
ZONE_C,2025-10-05,11,0.902,636,Rainy,False,5ed1f2c4b7096eda5c46a109aec1e0dc60d5549f266b470a4dd63b5ffdad4123
ZONE_C,2025-10-05,12,0.856,648,Rainy,True,ffbdf1c7799ea08bbcd08103b9c6862a0c565dcbdfef640ebfef4f5ba8861bd9
ZONE_C,2025-10-05,13,0.652,1112,Cloudy,False,f1adedaac30ee659563eb68a7ad414f7f348ad6018d96504ee629fbec07b861c
ZONE_C,2025-10-05,14,0.5,583,Rainy,False,ce54a3176dd63c02fd7c6b42353e8a9c824c24db4e4eea3435f2cbfacd7e92b3
ZONE_C,2025-10-05,15,0.611,1047,Cloudy,True,02669a769f3f9d5a8ee59a4d3b7ea867440a2340bc6c753308ce7aa57c4eabf7
ZONE_C,2025-10-05,16,0.885,1296,Cloudy,False,2b308a769fbafded19068a2d1d20cb0611b0d3698380d403f0e93f31ceecda3d
ZONE_C,2025-10-05,17,0.32,317,Rainy,False,63df85602c8aa9b4ca50f1771ccdedf88ab997eb4d134046ac1a9f819e505bc7
ZONE_C,2025-10-05,18,0.597,1185,Cloudy,False,9a100cc5ad9d9bd75785e9f21593b52ed85154d1255d6fe5e927fcb963f0b15b
ZONE_C,2025-10-05,19,0.318,269,Sunny,False,b56e000a21dc8ede1e00ab38a0eea9e68132a624714c0dfd2f2c1f4d3e62e1a2
ZONE_C,2025-10-05,20,0.191,131,Cloudy,False,e1672d9809b7c9054f19b049b5128b4e72de874879587d452870c3360df9ff90
ZONE_C,2025-10-05,21,0.227,115,Rainy,False,74a83f0b479e8905d31d6fb609f470bd89605d457d122096bf5ace1e9943ec9e
ZONE_C,2025-10-05,22,0.307,457,Sunny,False,4dca04796968a31e98bd9ed1352e25c1f4c138875cae67d179fc1b38c7868dcf
ZONE_C,2025-10-05,23,0.222,125,Rainy,False,a697b945a5fa0afd0e61f402cdf40f4852bd9c22412a31e1d9ca81d70e8cfc93
ZONE_C,2025-10-06,0,0.282,457,Rainy,False,42931450994c6976751689f4eb60658eacdd6a9ac598b8e76cc095a86b39dc3e
ZONE_C,2025-10-06,1,0.141,225,Sunny,False,51f3305dc94ae9a89f21aa6814e43b33c8120346bb9be08d674ff7f974b9aafe
ZONE_C,2025-10-06,2,0.287,377,Sunny,False,cb49a6cdd3325fbbd1f9c9778ccb5232b997210bf3aeab1927934b7a28524ef5
ZONE_C,2025-10-06,3,0.173,326,Rainy,False,443dcfb468ae2c179f8cb77ea33c74b8baa38b688bdc28cdbc1f9572c70965cb
ZONE_C,2025-10-06,4,0.368,250,Rainy,False,f61587cd2002d120e60e2ca0d9a240aeaeb139229731f52947faddb117797a7c
ZONE_C,2025-10-06,5,0.257,185,Cloudy,False,7660cc1c3a3ede620058fcf927cfb89902942246edbc5a8c4b8942ae66373532
ZONE_C,2025-10-06,6,0.15,291,Cloudy,False,d38ed1d5215ba6a7086c6c4c260495943a4d1b291e453b94196d70f4aeb9aea5
ZONE_C,2025-10-06,7,0.176,132,Rainy,False,86a7d0a1d9822898cf29972aaadc2d44bd56e6f91a6ae96dc4efae163807fa73
ZONE_C,2025-10-06,8,0.754,811,Cloudy,False,6af3aacce7653c12e8f6d1bb6d7d82d37173e2847b98dc0a376b3194a8f530f4
ZONE_C,2025-10-06,9,0.577,1081,Cloudy,False,faff53567888936ba4112aacd6de24fb2267445e16c78b904a58e175ea82b608
ZONE_C,2025-10-06,10,0.589,505,Sunny,False,5735c3e3aff9c68df70d4799e07df69e5aaf52913ddf119d8a54d7c814ac5f17
ZONE_C,2025-10-06,11,0.504,394,Sunny,False,03b975f5fb490bc5be9ffba17815f445fa575bf2871f7b5ab58143b6c78efacd
ZONE_B,2025-10-08,6,0.166,219,Sunny,False,c22b4c4c05c0df4a8c446e37bc5271c02a300f0608365d6d1f0fa45e72cf5326
ZONE_B,2025-10-08,7,0.267,171,Sunny,False,e9cb3feca5d26643ee9232f3c3ca78b21812825d08b78d89ef30288d9104d709
ZONE_B,2025-10-08,8,0.511,604,Sunny,False,6bcf6b3f117d05373bb85f4edff159005fa6c6247678e3534eda952e113a0525
ZONE_B,2025-10-08,9,0.709,355,Rainy,False,1a7979ee9b6e8426f12a6880d2b1ca428800e17b7d14ee41ec4ce7887380cb7b
ZONE_B,2025-10-08,10,0.368,555,Cloudy,False,16412d05cd1511ad8608137305eeffb581d2bfa87a77a6ea73ae954a59614205
ZONE_B,2025-10-08,11,0.903,1393,Cloudy,False,eb4c9a7936a45677cc75d3a2be6ebd083d7bb4dccea4d38fab4ad8e096bfb853
ZONE_B,2025-10-08,12,0.882,1507,Sunny,False,2bb1ab9685e360f8bc53a18e875b7d603b43563cbcabf0b621cc326eaba04758
ZONE_B,2025-10-08,13,0.869,722,Cloudy,False,e05de25c5e9785111f69c4029957852f5382a13b73379840235326fe60cc26d3
ZONE_B,2025-10-08,14,0.649,1208,Rainy,False,1c09ab3ec2fae79485db2ea24a1d92f72ad4bd7f4f80c82d4ae1c262590989b9
ZONE_B,2025-10-08,15,0.623,1039,Sunny,False,2983511612f2ebe4a41d57e1659a185452aa2a8dab9d28c891f62f76f7ad96c5
ZONE_B,2025-10-08,16,0.47,794,Cloudy,False,5e01fc63198f980f48704e338585044a5d810dc1da25b75359ea5f6653bfe2d3
ZONE_B,2025-10-08,17,0.851,1177,Cloudy,False,585edc80435f9375da45746b3dfce6086042448c993e330ed96ed04eb3de7b26
ZONE_B,2025-10-08,18,0.63,320,Cloudy,True,e84137cabf63439ab011f91357774e2aea9e99ce3c6f20c546823650b037d779
ZONE_B,2025-10-08,19,0.339,658,Sunny,False,52002163196fd59563bcbce275fc84bc0dc47c37004010082aca5337f16dfdcd
ZONE_B,2025-10-08,20,0.21,396,Cloudy,False,b2909cd0947658f81895dae0c92a6d80ff09e29ff5f3701d2f3ac44d184e87f5
ZONE_B,2025-10-08,21,0.311,362,Sunny,False,b57f61123d5ac9430a32f8ab6ab55764b3c3a723337d8910c197ef2efd0aa89f
ZONE_B,2025-10-08,22,0.29,437,Rainy,False,c4a2799e8179e8770dc369c7a8f3cc92eda8d414333d3c74b118f3d59ed98fab
ZONE_B,2025-10-08,23,0.198,120,Rainy,False,7277ec3a2fc3dc05a1d0ffd7eff56e01f16449e7eb1dfa8280c4709cdbf9b8e9
ZONE_B,2025-10-09,0,0.237,364,Cloudy,False,2807bd8eb4ee379ca50aa07d6e8730168ce5ac15af0775879dd1c7ac5a15e694
ZONE_B,2025-10-09,1,0.316,591,Sunny,False,3add3b12b4b1a5f83cf298875d6c39c822082d2e3f02647566a9b940b38f54ed
ZONE_B,2025-10-09,2,0.122,128,Sunny,False,6572997c75d8187427923cbca04b09fe17da114b5c430404d8372ed361174533
ZONE_B,2025-10-09,3,0.148,279,Rainy,False,ad1a99c467670314203dc2c41f571041d942d4cb25558c375614fcf8c8aab605
ZONE_B,2025-10-09,4,0.237,415,Cloudy,True,6ff0fbe112d27652a6762a232f79874460504f6292e352bcdfb9bb79ab78e04f
ZONE_B,2025-10-09,5,0.236,222,Rainy,False,cc2137d5522b439dd41347c9d5cd1f13c663e06be2a7d03776a15c8b420dd5d3
ZONE_B,2025-10-09,6,0.219,295,Cloudy,False,30f9aff523435800adcdcfa7c5f92ba5156b3cbc212453aaf487c15d1685ab35
ZONE_B,2025-10-09,7,0.221,345,Sunny,False,227b8e47d4465687d7540709144d2ad50e5c988ea9b0e065099e67fd3d97148b
ZONE_B,2025-10-09,8,0.644,824,Rainy,False,7fa1be22c98f889eb6e6f7fa847f955f293c2132bfbd4ff5cea9746ade42c157
ZONE_B,2025-10-09,9,0.661,890,Sunny,False,84164bd789db2daf3df1530108aaa76096471ae475ef567b4e7d56df83b10a4e
ZONE_B,2025-10-09,10,0.525,809,Sunny,False,125c0b8a477b461015e1618ebd7bf372936749265b380a9081551a2e9b6cef7b
ZONE_B,2025-10-09,11,0.459,753,Cloudy,False,76beb9f1aa968070194d96fb47e9b35cf9eda8d9278df7343040b1be89082a10
ZONE_B,2025-10-09,12,0.947,876,Cloudy,False,da39faaa2ce1be3638c37ab7ca97030baccc8413a0b0a94f2331ffac26edf2b1
ZONE_B,2025-10-09,13,0.583,794,Rainy,False,eea5708a25fc49034b9b02280b2893037221cb1aba37ae3e8ec7d2f30b3d31ea
ZONE_B,2025-10-09,14,0.69,805,Cloudy,False,e63ba35408ab0876534da1625ea26e43edff4fc24f54709cba9d425d1542b997
ZONE_B,2025-10-09,15,0.764,582,Cloudy,False,6e32cde0b8774b0709a454d93ddab98f579023f1884b81d101f9f8ecd2ab622c
ZONE_B,2025-10-09,16,0.579,657,Sunny,False,4226a2746545a480798e64b8cd953ebbd48755c7bf0a26172d47108bc219c873
ZONE_B,2025-10-09,17,0.691,800,Rainy,False,3cb924c1cb190e11f8629f70239c9e53a70eb9cdecbc7038a2b59c329901a2fd
ZONE_B,2025-10-09,18,0.517,642,Sunny,False,7bb951733e70b5491365c41e90f48e69e4197496d284f6c219f0c83e0102a1f7
ZONE_B,2025-10-09,19,0.267,372,Cloudy,False,e7362db328c6f48e8dae914cebfba0843fa7abee7ba04384b3d28dda51a97f26
ZONE_B,2025-10-09,20,0.321,386,Sunny,False,a7cafd3d21b668f44ac5d96390b453ba63a1cf27b4fa2ccaf5c8ff623761e76c
ZONE_B,2025-10-09,21,0.125,233,Sunny,False,8844ccdd41d027142905f4262bda38898b58c29beea00bd09b48ff4861224a1a
ZONE_B,2025-10-09,22,0.303,239,Sunny,False,a146031ead15cf1fe21dfa1160893f006b146ef375868ace49984bd40e9ab2bf
ZONE_B,2025-10-09,23,0.257,128,Cloudy,False,0c091f602e49d63734c8a9ead31e9b03e43092cd3c01aa33fcf7f69ff3502e43
ZONE_D,2025-10-03,0,0.213,317,Sunny,False,c5e62bdf7f69c2095d8a379a1238e77ad29bd978004cb70e40253459a8efd438
ZONE_D,2025-10-03,1,0.296,564,Sunny,False,addd224616f6ff1d640ccffa0dd4bf08d1090ae6268df58be63db82895767092
ZONE_D,2025-10-03,2,0.235,192,Sunny,False,608b123a801665988e951aa32f2757d738e9b1bee7da6aafc4955a3a2624434b
ZONE_D,2025-10-03,3,0.165,150,Sunny,False,3e1bbf46014fd121932fdfbfcb156e189b1655fc7086ea6eb92c7f31dbf53653
ZONE_D,2025-10-03,4,0.17,247,Sunny,False,497b8bfb0e223f974c41584538d656be6ff75e64e5a1c89ca5f260af752163b4
ZONE_D,2025-10-03,5,0.347,595,Rainy,False,21f27d732261b04eec397b754223601cd9841a6c8e6a816b0c723491c68339f3
ZONE_D,2025-10-03,6,0.292,484,Rainy,False,02c8a3276ea3c8358a1164faa0cc3043c4f6b4f96960b5bdc712a065b34a7108
ZONE_D,2025-10-03,7,0.224,363,Rainy,False,36644e733673efeaa2647f24201dcb4f59e89a441feefb347f1f3d39a0d68e7e
ZONE_D,2025-10-03,8,0.64,1237,Cloudy,False,e5831498d99107e06a4bfea88945f3d9e202c7ce0914cc3cdd74920add820564
ZONE_D,2025-10-03,9,0.866,1063,Cloudy,False,464a6eade76491de3de3d6462786628609ece45660d44878938bc60e88abc370
ZONE_D,2025-10-03,10,0.884,625,Cloudy,False,74fc36da024fae201fea544d2455306d437d3e3cb2c2ed12ef1409ea5834f374
ZONE_D,2025-10-03,11,0.643,1132,Cloudy,False,30eabb8b27812484de979fc6466cbc80ca45b37037a8ac87d9411de8d8ee687f
ZONE_D,2025-10-03,12,0.68,614,Rainy,False,66e2b9d70016dcc885f8431e5a2138f2a4636fcd20214bc9e23c0c60f568a28a
ZONE_D,2025-10-03,13,0.362,225,Cloudy,False,e516d86d4ecb0373211e2def914e7438900f92fc2c9885651c4ec83723d2168e
ZONE_D,2025-10-03,14,0.857,1433,Rainy,False,6852c04e295395a0d159eb83269b34598e908576943821ff85c3a2059d21198f
ZONE_D,2025-10-03,15,0.344,614,Cloudy,False,e9d852532bfdb25b43605f511c96650da4e75e0cc51281ceb7355bf2de324047
ZONE_D,2025-10-03,16,0.859,1066,Cloudy,False,b255b96856eb3749d8c594ced8dfb3942399a7c833b851b3d9b115718fed7ea0
ZONE_D,2025-10-03,17,0.731,707,Sunny,False,44ef6d9b686a74665d07973c9b6024cdf479fda86ddcdff7d8d9095bd1f55c5e
ZONE_D,2025-10-03,18,0.808,1515,Rainy,True,1e9708646dbecd4b84fa83553d80f7ebdedca938525197b90dad10752c6e35f8
ZONE_D,2025-10-03,19,0.24,174,Cloudy,False,743259303d92fa2915230483850280a68d2c188857cb97143b2caeb50139d41a
ZONE_D,2025-10-03,20,0.253,256,Rainy,True,31e27d4e07b19e858a2f860b7819fa4b7f2b75972c211d2778d71329ce286dfa
ZONE_D,2025-10-03,21,0.336,590,Cloudy,False,7bbed68dca6a9411781af010e227bf109b4ce0c38a186702765d32b6e3029087
ZONE_D,2025-10-03,22,0.138,171,Sunny,False,56c0614f91e477887cfe873341a5fa16f43773964a43fb96a073b8b0dacdc50d
ZONE_D,2025-10-03,23,0.368,540,Sunny,False,9748f3a2aa6fcc95e9aa227ee28c1d60c19e01dae7b873dd224a66430075e58b
ZONE_D,2025-10-04,0,0.223,334,Sunny,False,4e127ab0d87bd96cb97a5a91cda4cbdef469ac1d756f20ad84ab1ffb8e0c25b4
ZONE_D,2025-10-04,1,0.166,243,Sunny,False,a573b3d58d4f1bb761f43bff92768c9a89308f0eb3193ada506a162af8941fc0
ZONE_D,2025-10-04,2,0.286,314,Cloudy,False,523e9ad41b2e0a372bc989fdb1d43dbe4e9e0341c8745f956cb8b81eda4ccd68
ZONE_D,2025-10-04,3,0.272,442,Rainy,False,ed1ed2a1d23348c59624d7442d133ef7a8b2a565ed5570be555ae5766c7d3e4c
ZONE_D,2025-10-04,4,0.34,395,Cloudy,False,68a488ad03f24b6e423c24d6b3b4c9209b0056eae8d8a3461a66a5a0ea86f286
ZONE_D,2025-10-04,5,0.323,332,Cloudy,False,e740753f037ab34ea9e18629aca8cbc4534a9316edf289f7d537f38baf666457
ZONE_D,2025-10-04,6,0.31,456,Sunny,False,c57bcbef4cededf609a698d45fe3b51578577c797e00d8c87a6974a3713f8e9e
ZONE_D,2025-10-04,7,0.309,599,Rainy,False,0ef8e404862bfb1239c004f17ce3d774e99e7e2740838d1a4aeab8668bd6cc23
ZONE_D,2025-10-04,8,0.524,479,Cloudy,False,ef6a9a3179814bb8c3774f4accfb5882fd9d416440305798193fc38a9456bc80
ZONE_D,2025-10-04,9,0.363,670,Rainy,False,9c790e46428f55e0cc461ab8ff0b4171908f01023175cd828785e59c43339b8a
ZONE_D,2025-10-04,10,0.932,930,Rainy,False,289bf1be77cb5f30b2fc1cfa923e4cbf0b78828c763389dff99346a7a148a9a1
ZONE_D,2025-10-04,11,0.82,553,Sunny,False,8f45d8d36160773e3c58155fc512c5fdae01bca929f3a7216df29c9a97a3b6d1
ZONE_D,2025-10-04,12,0.95,1530,Cloudy,False,20c689ffc7c857d45a1eaf652a46dd314d9a05da453370d8a29994408e12b306
ZONE_D,2025-10-04,13,0.75,1274,Rainy,False,6223272a45ded9e1d580b69d8c092d456c7b1c502313cf3ba38e0670071d9142
ZONE_D,2025-10-04,14,0.764,894,Sunny,False,9e1abd42e2bd20c304178ba00bc1fc1af8be7aa699e2b1311f069e7d9859c38a
ZONE_D,2025-10-04,15,0.859,932,Sunny,False,b3b07203750064fc9140e5624d526b3efb884c7b474a5e62867fa9fb2d64ced0
ZONE_D,2025-10-04,16,0.394,221,Sunny,False,05fa028f7b9af5582cb59539a5000622d17427b08a57631f8114c2749000ce07
ZONE_D,2025-10-04,17,0.373,208,Sunny,False,dd0fab2f12ce3c244bbe603dbf32629765bd58cdabb7a7fe689c132600ca20ba
ZONE_A,2025-10-03,0,0.172,122,Sunny,False,a0ea261d18fd7ac6e23175e957a59ebd9f04ca1247cb2a953185ccdd657d312f
ZONE_A,2025-10-03,1,0.237,262,Sunny,False,b497ada537abf33a93c97aed01c8d430308b77a1396a66b556899f262b542f5f
ZONE_A,2025-10-03,2,0.211,208,Sunny,False,d5523672495d61f0bbf9dff7087b3bd3290349be921a405573b72122e9b6a00c
ZONE_A,2025-10-03,3,0.367,318,Sunny,False,e79d58b7aeaa9f86974858c8340ca33806745603135dad7ac7176b93357da12f
ZONE_A,2025-10-03,4,0.332,524,Rainy,False,e7e5404214a0b4d3d6b5d9f2e0a24e6a28d02a2da590e63b6a3c6dce420eb342
ZONE_A,2025-10-03,5,0.201,154,Cloudy,False,93afcf9b2f8416646acfafdae3776d53fdd100469e2d6a74550809debe23b85a
ZONE_A,2025-10-03,6,0.251,454,Rainy,False,12990d126335eb046c4fa2d9c069c9dd8ee1a89fb2dd0f8449defd7c7b1827ac
ZONE_A,2025-10-03,7,0.139,253,Sunny,False,e3b565c59e3e3019588bd84cdb4798a6f9130bd0c69917dcb4f4c928f90e1329
ZONE_A,2025-10-03,8,0.614,881,Cloudy,False,5de9b9d5383012591cdc80fc08523a63b1ae4348ea3e8c07484f372c6e2283e8
ZONE_A,2025-10-03,9,0.591,842,Sunny,False,aea41d81a2d947ea992dd4b9aad972ddd9f270cca4ba63f0729668465bae59eb
ZONE_A,2025-10-03,10,0.905,892,Cloudy,False,094c7c3899178d701850d7caaf8c1c768b9de1cb3346b768843ac9c922907ce6
ZONE_A,2025-10-03,11,0.64,389,Sunny,False,89df5ba6406e6a5b9b0585541045f85c695c62cda6d428c55f7a4b0903d97972
ZONE_A,2025-10-03,12,0.756,1153,Rainy,False,af4d9e31debba56d4bb11aa815f846179a51d572786ed3fcc25cbdd9602d2ce8
ZONE_A,2025-10-03,13,0.904,1064,Sunny,False,5d169b3b2a4f4c06ec6b9e6874d121b280f4d39c692592693853c57afc4bd92d
ZONE_A,2025-10-03,14,0.657,393,Sunny,False,a59df95e40e811b46a4374427a3374c1aa4c7b0205eac2997d7f7a23abfd5408
ZONE_A,2025-10-03,15,0.365,559,Rainy,False,cfdf7c7e9690beb41209b146b5eb683fe86048829f7d184bacb994fc7ceb892d
ZONE_A,2025-10-03,16,0.703,679,Sunny,True,f30f6fd62679c667384c4b8bf144d0ec6baf2ce89c29f694106d9efad8882754
ZONE_A,2025-10-03,17,0.365,445,Rainy,False,09b798282eae6cc278ad95a5c450846123e9db3b373d6c2e50d6b31c9a49444b
ZONE_A,2025-10-03,18,0.668,380,Cloudy,False,43896dd18bfaa40fa26602e429de66e3e37671080e17e94635d68b11184dfbd6
ZONE_A,2025-10-03,19,0.319,360,Sunny,False,5abc1996fa3d4c6cb3160d69e1415c73402fdf05c2b60218ff22f65def94b49a
ZONE_A,2025-10-03,20,0.207,142,Sunny,False,29a11dbf9ad7450a0ce516d44127461f8aadc4b26213bc6eb85d4320c7bfdd63
ZONE_A,2025-10-03,21,0.215,165,Cloudy,False,2287520d7bd52b87ab11717065d18389384a05094459c3942d750bccdad97fa4
ZONE_A,2025-10-03,22,0.229,259,Sunny,False,bb2d2cd95ac864aa5d949ee5bd62f7bd392f098c585c37edb2836d8078e30aea
ZONE_A,2025-10-03,23,0.15,225,Sunny,False,8083aa7b3fc4566f6d9b8511239aa7034712328972fe7f35382557ae9dd1dd9b
ZONE_A,2025-10-04,0,0.122,162,Rainy,False,03a1156ba9c4046d29b88971901298b1def3079096a55e07f704d60e5b6f070c
ZONE_A,2025-10-04,1,0.159,221,Rainy,False,6cf49d7113fc4ebe11374ebcc1f9aae37e9e88edab689cb4c7f7491006c306f7
ZONE_A,2025-10-04,2,0.193,105,Sunny,False,fef94b71d2841158e61dcd9354805ef239e4b2370aaad93508165d422e8951dd
ZONE_A,2025-10-04,3,0.295,465,Sunny,False,acf4d3909c25f166c339658c541572e6633bca6434c7539c03df892082144990
ZONE_A,2025-10-04,4,0.284,509,Sunny,False,a854c840e14b3d92e7260706b89347888774b182fc80fd67eec2622fcc68bec5
ZONE_A,2025-10-04,5,0.171,337,Sunny,False,60d51612c4de814b14c12ea09d7c5b779f099c81b47a9a0211aa47fff9c545fc
ZONE_A,2025-10-04,6,0.185,306,Rainy,False,826140823dbd70ae4f38d18731a0b4d260d90f0ed75b22e9862cbfb381a0fc95
ZONE_A,2025-10-04,7,0.32,489,Cloudy,False,319ca0800038bbf7e9d80325f4c73aafa69118498cddefc2c49fd7ba26d40e64
ZONE_A,2025-10-04,8,0.905,658,Cloudy,False,5a3d0ae85e27f24350fdc21522842c60f0b8edb4115f502cac2c43a45ac2bc46
ZONE_A,2025-10-04,9,0.343,259,Rainy,False,491a739faedefbc4504194f309132d09c7ef7b2aeccd4bd94e86c673b1e1c494
ZONE_A,2025-10-04,10,0.603,802,Rainy,False,99f37e02f2b07d3577ffa97306d08799ee1dd83ce6c79a14bb8f21bdc98752c4
ZONE_A,2025-10-04,11,0.41,535,Cloudy,False,5c7e6afc4e7b509140a32b90db0a80b9f59d0e484d511152f8e3958ca22a26a8
ZONE_A,2025-10-04,12,0.306,309,Sunny,False,98d8fa598cd36cb50baabb71e1b7162251cabee033c2d7c69c645f7ecf673485
ZONE_A,2025-10-04,13,0.564,626,Rainy,False,87711dafd9a7bd4a8a1387445e40101864c55980e33e38c1ebd21769b84f46b9
ZONE_A,2025-10-04,14,0.746,501,Sunny,False,7f743d7cea8eabe02d05950e4422961b5aeb640173de3c9c19f154db0e966955
ZONE_A,2025-10-04,15,0.769,1145,Cloudy,True,722c9cc7e77fe5745700119fd0d36d25c8abedae57b8ab0dcbe7ec392e0caba7
ZONE_A,2025-10-04,16,0.382,684,Rainy,False,c9f937d448f5f7a06385b858d5b3b2303031a6187f9184d41c40ba7358d1caae
ZONE_A,2025-10-04,17,0.488,534,Sunny,False,d41108826c402ac7a4ff56e25021df85ae9a49968a220ab73aa7168d6f10d64c
